state,district,month,1st,2nd,3rd,4th,5th,6th,7th,8th,9th,10th,11th,12th,13th,14th,15th,16th,17th,18th,19th,20th,21st,22nd,23rd,24th,25th,26th,27th,28th,29th,30th,31st
Tamil Nadu,Ariyalur,1,33.4801,50.6831,2.09417,0.0794827,0.0,0.0,0.0,0.0,0.0794827,0.0794827,0.0,0.0,0.0,0.0,0.0,0.0,0.0839559,0.0682261,0.0,0.0,0.0,0.0,0.0,0.0,0.0286582,0.0,0.0,0.00215892,0.00334868,0.59436,0.277441
Tamil Nadu,Chengalpattu,1,18.0422,1.13561,0.0,0.0,0.0,0.0,0.0,0.0,0.0,0.0,0.0,0.0,0.0,0.00391282,0.0,0.0273898,2.15374,0.49322,0.904709,0.0,0.0,0.0,0.0,2.67924,0.195364,0.0117385,0.0,2.9402,0.0547101,0.0,0.0
Tamil Nadu,Chennai,1,22.9269,1.9411,0.0,0.0,0.0,0.0,0.0,0.0,0.0,0.0,0.0,0.0,0.0,0.256371,0.476118,0.0,2.67358,4.06531,0.0,0.0,0.0,0.0,0.0,0.0,0.0,0.0,0.0,0.0732489,0.0,0.0,0.0
Tamil Nadu,Coimbatore,1,2.14889,9.11014,0.0464363,0.0,0.0,0.0,0.0,0.026535,0.00669172,0.0,0.0,0.0,0.0,0.0,0.0,0.0732717,0.327361,0.252083,0.0,0.0,0.0,0.0,0.0,0.0,0.0,0.0,0.164271,0.0730292,0.0,0.0,0.0
Tamil Nadu,Cuddalore,1,40.7771,13.8853,0.0,0.0,0.0,0.0,0.0,0.0,0.0,0.0,0.0,0.0,0.0,0.0,0.0,0.0,1.29689,0.584818,0.0,0.0,0.0,0.0,0.0,0.0,2.2915,0.0,0.0,0.604756,0.0,0.950585,0.212036
Tamil Nadu,Dharmapuri,1,3.00031,3.65202,0.0,0.0,0.0,0.0,0.0,0.0,0.0,0.0,0.0,0.0,0.0,0.00957561,0.0,0.0,0.0,0.0,0.0,0.0,0.0,0.0,0.0,0.0,0.229981,0.0,0.712754,1.04197,0.379365,0.0,0.0
Tamil Nadu,Dindigul,1,14.492,38.5557,0.0,0.0,0.0,0.0,0.0,0.0486895,0.000289311,0.0,0.0,0.0,0.161076,0.0,0.0,0.0691573,8.27e-05,0.0,0.0,0.0,0.0,0.0,0.0,0.0,0.0,0.685783,1.08247,0.000330641,0.0,0.0,0.0
Tamil Nadu,Erode,1,1.57088,7.4741,0.00724531,0.0,0.0,0.0,0.00334399,0.0395705,0.0,0.0,0.0,0.0,0.0,0.0,0.0,0.0,0.980543,0.0356692,0.0,0.0,0.0,0.0,0.0,0.0,0.0,0.0,0.0509663,0.0880583,0.00407556,0.0,0.0
Tamil Nadu,Kallakurichi,1,19.1531,8.71143,0.0,0.0,0.0,0.0,0.0,0.0,0.0,0.0,0.0,0.0,0.0,0.0220777,0.0,0.0,0.207224,0.106,0.0,0.0,0.0,0.0,0.0,0.0,5.18564,0.0,0.0,0.474802,0.0298541,0.0,0.0
Tamil Nadu,Kanchipuram,1,23.7034,1.60355,0.0,0.0,0.0,0.0,0.0,0.0,0.0,0.0,0.0,0.0,0.0,0.0195184,0.0,0.136629,1.51786,4.2741,0.0802376,0.0,0.0,0.0,0.0,3.53266,0.096047,0.0585551,0.0,1.21803,0.0453499,0.0,0.0
Tamil Nadu,Kanniyakumari,1,1.05622,7.10367,5.68223,0.0,0.0,0.0,0.0,0.0,0.100797,0.0,0.0,0.0,0.0,0.0,0.0,0.0,0.0,0.0,0.0,0.0,0.0,0.0,0.0,0.0,0.0,0.0,2.28305,0.262071,0.0,0.0,0.0
Tamil Nadu,Karur,1,3.76228,16.3815,0.0,0.0,0.0,0.0,0.0,0.0,0.0,0.0,0.0,0.0,0.0,0.0,0.0,0.0,0.0,0.0,0.0,0.0,0.0,0.0,0.0,0.0,0.0,0.0,0.0,0.0,0.0,0.0,0.0
Tamil Nadu,Krishnagiri,1,3.14955,1.25039,0.0,0.0,0.0,0.0,0.0,0.0,0.0,0.0,0.0,0.0,0.0,0.0135954,0.0,0.0,0.0,0.0,0.0,0.0,0.0,0.0,0.0,0.0,0.0,0.0,0.207063,0.569019,0.0403063,0.0,0.0
Tamil Nadu,Madurai,1,5.49429,14.5979,0.283902,0.0,0.0,0.0,0.1539,0.434854,0.0,0.0,0.0,0.0,1.23602,0.0,0.0,0.060812,0.0,0.0,0.0,0.0,0.0,0.0,0.0,0.0,0.0517814,3.53721,0.0378775,0.0,0.0,0.0,0.0
Tamil Nadu,Nagapattinam,1,30.7351,43.5882,0.149413,0.0,0.0,0.0,0.0,0.0,0.0,0.0,0.0196507,1.68172,0.0,0.0,0.0,0.214223,12.9935,5.08224,0.0,0.0,0.0,0.0,0.0,0.0,0.28452,0.0,0.0,0.172762,0.319774,11.5821,2.43406
Tamil Nadu,Namakkal,1,4.76808,6.70938,0.0,0.0,0.0,0.0,0.0,0.0,0.0,0.0,0.0,0.0,0.0,0.0,0.0,0.0,0.0457384,0.0,0.0,0.0,0.0,0.0,0.0,0.0,0.0,0.0,0.0,0.0,0.0109432,0.0,0.0
Tamil Nadu,Perambalur,1,14.7662,47.0085,0.645517,0.0246381,0.0,0.0,0.0,0.0,0.0246381,0.0246381,0.0,0.0,0.0,0.0,0.0,0.0,0.0,0.0,0.0,0.0,0.0,0.0,0.0,0.0,0.538163,0.0,0.0,0.0366929,0.0,0.0,0.0
Tamil Nadu,Pudukkottai,1,17.8779,77.2972,0.213982,0.0,0.0,0.0,0.0,0.00416661,0.0,0.0,0.0,0.0,0.306194,0.0,0.0,0.0,0.0,0.0,0.0,0.0,0.0,0.0,0.0,0.869213,0.418666,0.0,0.0126343,0.00211869,0.0,0.301584,0.456375
Tamil Nadu,Ramanathapuram,1,2.81036,3.4734,5.79685,0.0,0.0,0.0,0.0,0.869292,0.0,0.0,0.185131,0.0,0.0,0.0,0.0,0.0,0.0,0.0,0.0,0.0,0.0,0.0,0.0,0.176334,0.0,0.0,0.0,0.0,0.0,0.051434,0.0891574
Tamil Nadu,Ranipet,1,32.0128,4.03433,0.0,0.0,0.0,0.0,0.0,0.0,0.0,0.0,0.0,0.0,0.0,0.0,0.0,0.0,0.32782,7.21201,0.0,0.0,0.0,0.0,0.0,0.413716,1.48559,0.0,0.0,0.174938,0.0,0.0,0.0
Tamil Nadu,Salem,1,6.27303,7.36196,0.0,0.0,0.0,0.0,0.0,0.0,0.0,0.0,0.0,0.0,0.0,0.0,0.0,0.0,0.0422709,0.0,0.0,0.0,0.0,0.0,0.0,0.0,1.32701,0.0,2.00039,0.101503,0.563157,0.0,0.0
Tamil Nadu,Sivaganga,1,9.92298,30.0054,0.296456,0.0,0.0,0.0,0.0277131,0.991176,0.0,0.0,0.0,0.0,0.0,0.0,0.0,0.0,0.0,0.0,0.0,0.0,0.0,0.0,0.0,0.4774,0.0,0.152043,0.0,0.0,0.0,0.175848,0.241514
Tamil Nadu,Tenkasi,1,3.87915,1.84587,4.72356,0.0,0.0,0.0,0.0,1.83481,0.134002,0.515328,0.0,0.0,0.586055,0.0,0.445148,3.40203,0.0,0.0,0.0,0.0,0.0,0.0,0.0,0.0838994,0.00627529,2.77052,6.30154,0.000193082,0.0,0.0,0.0
Tamil Nadu,Thanjavur,1,27.2272,80.8264,0.521918,0.00868505,0.0,0.0,0.0,0.0,0.00868505,0.00868505,0.0,0.0233731,1.51989,0.0,0.0,0.0,0.468418,0.402096,0.0,0.0,0.0,0.0,0.0,0.000107345,2.21786,0.0,0.0946436,0.170911,0.0253688,1.35438,0.168153
Tamil Nadu,The Nilgiris,1,5.00989,5.42762,0.828364,0.0,0.0,0.0,0.169919,2.06656,0.0,0.0,0.0,0.0,0.0,0.0,0.0,0.0,11.0616,2.34315,0.0,0.0,0.0,0.0,0.0,0.0,0.0,0.0,1.93291,5.81012,0.0,0.0,0.0
Tamil Nadu,Theni,1,6.30786,11.7543,0.0265957,0.0,0.0,0.0,0.0,1.21707,0.286809,0.0931333,0.0,0.0,4.79371,0.0,0.0,1.75193,0.0746416,0.0,0.0,0.0,0.0,0.0,0.0,0.0,0.719737,1.14282,3.20376,0.417864,0.0,0.0,0.0
Tamil Nadu,Thiruvallur,1,41.065,2.66426,0.0,0.0,0.0,0.0,0.0,0.0,0.0,0.0,0.0,0.0,0.269466,0.235231,1.09556,0.0992291,4.50766,6.5923,0.0,0.0,0.0,0.0,0.0,2.29166,1.66489,0.0281137,0.159603,0.663017,0.0187424,0.0,0.0
Tamil Nadu,Thiruvarur,1,29.8413,60.4664,0.968056,0.0,0.0,0.0,0.0,0.0,0.0,0.0,0.00708542,0.696062,0.0447108,0.0,0.0,0.0739687,9.37787,4.02787,0.0,0.0,0.0,0.0,0.0,0.0,0.0,0.0,0.0,1.29719,0.812176,6.44155,0.915844
Tamil Nadu,Tiruchirappalli,1,9.68595,34.5107,0.88337,0.0335862,0.0,0.0,0.0,0.00513716,0.0335862,0.0335862,0.0,0.0,0.0,0.0,0.0,0.0,0.0,0.0,0.0,0.0,0.0,0.0,0.0,0.0,0.115704,0.0608641,0.0,5.97e-05,0.0,0.0,0.0
Tamil Nadu,Tirunelveli,1,3.63522,10.6364,8.22693,0.0,0.0,0.0,0.0,0.0132508,0.0376863,0.0,0.0,0.0,0.0,0.0,0.0239738,0.13408,0.751587,0.0,0.0,0.0,0.0,0.0,0.0,0.0175841,0.0,0.0780057,0.783613,0.0699384,0.0,0.0,0.0
Tamil Nadu,Tirupathur,1,9.38945,3.24259,0.0,0.0,0.0,0.0,0.0,0.0,0.0,0.0,0.0,0.0,0.0,0.340394,0.000526671,0.0402051,0.0,0.0433206,0.0,0.0,0.0,0.0,0.0,0.0330795,0.0306828,0.0,0.0,0.093852,0.190588,0.0,0.0
Tamil Nadu,Tiruppur,1,5.44701,11.6502,0.0,0.0,0.0,0.0,0.0,0.0,0.000531912,0.0,0.0,0.0,0.0104676,0.0,0.0,0.00561686,0.118801,0.0,0.0,0.0,0.0,0.0,0.0,0.0,0.0,0.0,0.472946,0.000531912,0.0,0.0,0.0
Tamil Nadu,Tiruvannamalai,1,19.8224,4.418,0.0,0.0,0.0,0.0,0.0,0.0,0.0,0.0,0.0,0.0,0.0,0.750428,0.0,0.961785,0.0582117,1.00401,0.0,0.0,0.0,0.0,0.0,0.0430682,0.857478,0.0,0.0,0.617477,0.588914,0.0,0.0
Tamil Nadu,Tuticorin,1,0.486592,1.6857,1.61427,0.0,0.0,0.0,0.0,0.107244,0.0,0.0,0.0,0.0,0.0,0.0,0.0100437,0.0,2.70136,0.0,0.0,0.0,0.0,0.0,0.0,0.0,0.0,0.70545,0.0235165,0.0,0.0,0.0,0.0
Tamil Nadu,Vellore,1,29.3288,0.915039,0.0,0.0,0.0,0.0,0.0,0.0,0.0,0.0,0.0,0.0,0.0,0.0,0.0261146,1.93787,0.0,2.97204,0.0,0.0,0.0,0.0,0.0,0.229301,1.66458,0.0,0.0,0.171786,0.0,0.0,0.0
Tamil Nadu,Villupuram,1,24.1285,8.34179,0.0,0.0,0.0,0.0,0.0,0.0,0.0,0.0,0.0,0.0,0.0,0.0,0.0,0.159031,7.7543,0.145581,0.0,0.0,0.0,0.0,0.0,0.0318532,0.179788,0.0,0.0,4.91972,0.0159266,0.00543952,0.0
Tamil Nadu,Virudhunagar,1,0.7534,3.02685,1.55549,0.0,0.0,0.0,0.0523594,1.31786,0.0,0.0102563,0.0,0.0,2.92822,0.0,0.0,0.944119,0.0,0.0,0.0,0.0,0.0,0.0,0.0,0.0,0.068687,0.510158,0.753656,0.0,0.0,0.0,0.0
Tamil Nadu,Ariyalur,2,0.0,0.0,0.0,0.0,0.0,0.0,0.0,0.0,0.0,0.0,0.068648,34.305,2.65472,0.0,0.862108,0.0,0.158965,0.0,0.154039,0.0,0.0,0.0,0.0,0.0,0.747138,0.0,0.0,0.0,0.0,0.0,0.0
Tamil Nadu,Chengalpattu,2,0.0,0.0,0.0,0.0,0.0,0.0,0.0,0.0,0.0,0.0,0.0,0.0,0.0,0.0,0.0,0.0,0.0,0.0,0.0,0.0,0.0,0.0,0.0,0.0,0.0,0.0,0.0,0.0,0.0,0.0,0.0
Tamil Nadu,Chennai,2,0.0,0.0,0.0,0.0,0.0,0.0,0.0,0.0,0.0,0.0,0.0,0.0,0.0,0.0,0.0,0.0,0.0,0.0,0.0,0.0,0.0,0.0,0.0,0.0,0.0,0.0,0.0,0.0,0.0,0.0,0.0
Tamil Nadu,Coimbatore,2,0.0,0.0,0.0,0.0740032,0.0,0.0,0.0,0.0,0.0,0.0,0.0,0.169739,0.183008,0.0,0.0,0.0,0.584756,0.0,0.0,0.0,0.0,0.0,0.0,0.0,0.0,0.0,0.0,0.0208522,0.0,0.0,0.0
Tamil Nadu,Cuddalore,2,0.0,0.0,0.0,0.0,0.0,0.0,0.0,0.0,0.0,0.0,0.0445953,40.8187,0.0,0.0,2.17599,0.0,0.0,0.0,0.385618,0.0,0.0,0.0,0.0,0.0,0.0,0.0,0.0,0.0,0.0,0.0,0.0
Tamil Nadu,Dharmapuri,2,0.0,0.0,0.0,0.0,0.0,0.0,0.0,0.0,0.0,0.0,0.0,0.0203631,0.0,0.0,0.0,0.0,0.0,0.0,0.0,0.0,0.0,0.0,0.0,0.0,0.0,0.0,0.0,0.0,0.0,0.0,0.0
Tamil Nadu,Dindigul,2,0.0,0.0,0.0,0.00351209,0.0,0.0,0.0,0.0,0.0,0.0,0.0,0.0660626,1.15932,0.0,0.0,0.0,0.0,0.0,0.0,0.0,0.0,0.0,0.0,0.0,0.0,0.0,0.0,0.0,0.0,0.0,0.0
Tamil Nadu,Erode,2,0.0,0.0,0.0,0.00858023,0.0,0.0,0.0,0.0,0.0,0.0,0.0,0.0028439,0.0,0.0,0.0,0.0,0.0,0.0,0.0,0.0,0.0,0.0,0.0,0.0,0.0,0.0,0.0,0.0,0.0,0.0,0.0
Tamil Nadu,Kallakurichi,2,0.0,0.0,0.0,0.0,0.0,0.0,0.0,0.0,0.0,0.0,0.0,1.47557,0.0,0.0,0.158722,0.0,0.0,0.0,0.0,0.0,0.0,0.0,0.0,0.0,0.0,0.0,0.0,0.0,0.0,0.0,0.0
Tamil Nadu,Kanchipuram,2,0.0,0.0,0.0,0.0,0.0,0.0,0.0,0.0,0.0,0.0,0.0,0.0,0.0,0.0,0.0,0.0,0.0,0.0,0.0,0.0,0.0,0.0,0.0,0.0,0.0,0.0,0.0,0.0,0.0,0.0,0.0
Tamil Nadu,Kanniyakumari,2,0.0,0.0,0.0,0.0,0.0,0.0,0.0,0.0,0.0,0.0,0.0,0.0,8.81889,0.0,0.100797,1.80774,5.1967,0.0,0.0,0.0,0.0,0.0,0.0,0.0,0.788429,0.0,0.0,0.00104392,0.0,0.0,0.0
Tamil Nadu,Karur,2,0.0,0.0,0.0,0.0,0.0,0.0,0.0,0.0,0.0,0.0,0.0,0.510086,0.0419817,0.0,0.0,0.0,0.0,0.0,0.0,0.0,0.0,0.0,0.0,0.0,0.0,0.0,0.0,0.0,0.0,0.0,0.0
Tamil Nadu,Krishnagiri,2,0.0,0.0,0.0,0.0,0.0,0.0,0.0,0.0,0.0,0.0,0.0,0.0462965,0.0,0.0,0.0,0.0,0.0,0.0,0.0,0.0,0.0,0.0,0.0,0.0,0.0,0.0,0.0,0.0,0.0,0.0,0.0
Tamil Nadu,Madurai,2,0.0,0.0,0.0,0.0,0.0,0.0,0.0,0.0,0.0,0.0,0.0,0.0,0.271745,0.0,0.0,0.0,0.0,0.0,0.0,0.0,0.0,0.0,0.0,0.00144998,0.0,0.0,0.0,0.0,0.0,0.0,0.0
Tamil Nadu,Nagapattinam,2,0.0,0.0,0.0,0.0,0.0,0.0,0.0,0.0,0.0,0.0,19.5628,44.1401,12.9635,1.5623,0.624499,0.0,0.0,0.0,6.54722,0.0,0.0,0.0,0.0,0.0,0.0,0.0,0.487398,0.0,0.0,0.0,0.0
Tamil Nadu,Namakkal,2,0.0,0.0,0.0,0.0,0.0,0.0,0.0,0.0,0.0,0.0,0.0,0.421642,0.0,0.0,0.0,0.0,0.0,0.0,0.0,0.0,0.0,0.0,0.0,0.0,0.0,0.0,0.0,0.0,0.0,0.0,0.0
Tamil Nadu,Perambalur,2,0.0,0.0,0.0,0.0,0.0,0.0,0.0,0.0,0.0,0.0,0.0,3.07762,0.822912,0.0,0.256236,0.0,0.0492761,0.0,0.0,0.0,0.0,0.0,0.0,0.0,0.231598,0.0,0.0,0.0,0.0,0.0,0.0
Tamil Nadu,Pudukkottai,2,0.0,0.0,0.0,0.0,0.0,0.0,0.0,0.0,0.0,0.0,1.44322,1.55267,6.6154,0.0,0.0346901,0.0,0.0031029,0.0,0.0,0.0,0.0,0.0,0.0,0.00958779,0.0124116,0.0,0.0191756,0.0,0.0,0.0,0.0
Tamil Nadu,Ramanathapuram,2,0.0,0.0,0.0,0.0,0.0,0.0,0.0,0.0,0.0,0.0,0.178315,1.54399,5.60092,0.0,0.30881,0.0,0.0,0.0,0.0,0.0,0.0,0.0,0.0,2.55116,0.0,0.0,2.84401,0.0,0.0,0.0,0.0
Tamil Nadu,Ranipet,2,0.0,0.0,0.0,0.0,0.0,0.0,0.0,0.0,0.0,0.0,0.0,0.0,0.0,0.0,0.0,0.0,0.0,0.0,0.0,0.0,0.0,0.0,0.0,0.0,0.0,0.0,0.0,0.0,0.0,0.0,0.0
Tamil Nadu,Salem,2,0.0,0.0,0.0,0.0,0.0,0.0,0.0,0.0,0.0,0.0,0.0,0.0465986,0.0,0.0,0.0,0.0,0.0,0.0,0.0,0.0,0.0,0.0,0.0,0.0,0.0,0.0,0.0,0.0,0.0,0.0,0.0
Tamil Nadu,Sivaganga,2,0.0,0.0,0.0,0.0,0.0,0.0,0.0,0.0,0.0,0.0,0.485962,0.184102,7.15357,0.0,0.240894,0.0,0.0,0.0,0.0,0.0,0.0,0.0,0.0,2.09265,0.0,0.0,1.97891,0.0,0.0,0.0,0.0
Tamil Nadu,Tenkasi,2,0.0,0.0,0.0,0.0,0.0,0.0,0.0,0.0,0.0,0.0,0.0,0.0,0.561966,0.0838994,0.131198,0.0805216,1.6084,0.0,0.0,0.0,0.0,0.0,0.0,0.496415,0.283873,0.0,0.0,0.0,0.0,0.0,0.0
Tamil Nadu,Thanjavur,2,0.0,0.0,0.0,0.0,0.0,0.0,0.0,0.0,0.0,0.0,4.91863,23.4224,8.7567,0.0521112,0.238561,0.0,0.0349136,0.0,1.06451,0.0,0.0,0.0,0.0,0.0,0.151813,0.0,0.000106286,0.0,0.0,0.0,0.0
Tamil Nadu,The Nilgiris,2,0.0,0.0,0.0,0.0,0.0,0.0,0.0,0.0,0.0,0.0,0.0,0.0,0.0,0.0,0.0,0.0,0.0,0.0,0.0,0.0,0.0,0.0,0.0,0.0,0.0,0.0,0.0,0.0,0.0,0.0,0.0
Tamil Nadu,Theni,2,0.0,0.0,0.0,0.0,0.0,0.0,0.0,0.0,0.0,0.0,0.0,0.00548515,0.358545,0.0,0.0224805,0.012846,0.290963,0.0,0.0,0.0,0.0,0.0,0.0,0.0,0.012846,0.0,0.0,0.0,0.0,0.0,0.0
Tamil Nadu,Thiruvallur,2,0.0,0.0,0.0,0.0,0.0,0.0,0.0,0.0,0.0,0.0,0.0,0.0,0.0,0.0,0.0,0.0,0.0,0.0,0.0,0.0,0.0,0.0,0.0,0.0,0.0,0.0,0.0,0.0,0.0,0.0,0.0
Tamil Nadu,Thiruvarur,2,0.0,0.0,0.0,0.0,0.0,0.0,0.0,0.0,0.0,0.0,20.7435,37.3783,16.0586,0.649501,0.385396,0.0,0.0,0.0,1.69839,0.0,0.0,0.0,0.0,0.0,0.0,0.0,0.202014,0.0,0.0,0.0,0.0
Tamil Nadu,Tiruchirappalli,2,0.0,0.0,0.0,0.0,0.0,0.0,0.0,0.0,0.0,0.0,0.0,3.79803,1.37909,0.0,0.350492,0.0,0.0674114,0.0,0.0,0.0,0.0,0.0,0.0,0.0,0.316666,0.0,0.0,0.0,0.0,0.0,0.0
Tamil Nadu,Tirunelveli,2,0.0,0.0,0.0,0.0,0.0,0.0,0.0,0.0,0.0,0.0,0.0,1.1586,7.14426,0.0952956,0.0250291,0.087533,0.726645,0.0,0.0,0.0,0.0,0.0,0.0,3.4981,2.12804,0.0,0.928312,0.0,0.0,0.0,0.0
Tamil Nadu,Tirupathur,2,0.0,0.0,0.0,0.0,0.0,0.0,0.0,0.0,0.0,0.0,0.0,0.172486,0.0,0.0,0.0,0.0,0.0,0.0,0.0,0.0,0.0,0.0,0.0,0.0,0.0,0.0,0.0,0.0,0.0,0.0,0.0
Tamil Nadu,Tiruppur,2,0.0,0.0,0.0,0.487009,0.0,0.0,0.0,0.0,0.0,0.0,0.0,0.101713,0.349326,0.0,0.0,0.0,0.0475016,0.0,0.0,0.0,0.0,0.0,0.0,0.0,0.0,0.0,0.0,0.00159573,0.0,0.0,0.0
Tamil Nadu,Tiruvannamalai,2,0.0,0.0,0.0,0.0,0.0,0.0,0.0,0.0,0.0,0.0,0.0,0.44789,0.0,0.0,0.0,0.0,0.0,0.0,0.0,0.0,0.0,0.0,0.0,0.0,0.0,0.0,0.0,0.0,0.0,0.0,0.0
Tamil Nadu,Tuticorin,2,0.0,0.0,0.0,0.0,0.0,0.0,0.0,0.0,0.0,0.0,0.0,1.31201,2.84655,1.89372,0.0,0.0,0.0,0.0,0.0,0.0,0.0,0.0,0.0,3.23886,0.360482,0.0,2.71411,0.0,0.0,0.0,0.0
Tamil Nadu,Vellore,2,0.0,0.0,0.0,0.0,0.0,0.0,0.0,0.0,0.0,0.0,0.0,0.0,0.0,0.0,0.0,0.0,0.0,0.0,0.0,0.0,0.0,0.0,0.0,0.0,0.0,0.0,0.0,0.0,0.0,0.0,0.0
Tamil Nadu,Villupuram,2,0.0,0.0,0.0,0.0,0.0,0.0,0.0,0.0,0.0,0.0,0.0,0.956391,0.0,0.0,0.118931,0.0,0.0,0.0,0.0,0.0,0.0,0.0,0.0,0.0,0.0,0.0,0.0,0.0,0.0,0.0,0.0
Tamil Nadu,Virudhunagar,2,0.0,0.0,0.0,0.0,0.0,0.0,0.0,0.0,0.0,0.0,0.0,0.00469485,1.02734,0.0,0.00247566,0.00141466,0.00389032,0.0,0.0,0.0,0.0,0.0,0.0,0.299303,0.00141466,0.0,0.597262,0.0,0.0,0.0,0.0
Tamil Nadu,Ariyalur,3,0.0,0.0,0.0,0.0,0.0816077,0.0,14.5644,4.25822,0.0,0.0,0.0,0.0,0.0,0.0,0.0,0.0,0.0,0.0,0.158965,0.0,0.0,0.556379,0.0,0.0,2.89098,0.090445,0.00167434,0.0,0.0,0.0,0.0
Tamil Nadu,Chengalpattu,3,0.0,0.0,0.0,0.0,0.0,0.0,4.53711,0.0,0.0,0.0,0.0,0.0,0.0,0.0,0.0,0.0,0.0,0.0,0.0,0.0,0.0,0.0,0.0,0.0,0.0,0.0,0.0,0.0,0.0,0.0,0.0
Tamil Nadu,Chennai,3,0.0,0.0,0.0,0.0,0.878987,0.0,0.0,0.0,0.0,0.0,0.0,0.0,0.0,0.0,0.0,0.0,0.0,0.0,0.0,0.0,0.0,0.0,0.0,0.0,0.0,0.0,0.0,0.0,0.0,0.0,0.0
Tamil Nadu,Coimbatore,3,0.0,0.0,0.0,0.0,0.0,0.0,0.0,0.0537015,0.0,0.0,0.0,0.0,0.0,0.0,0.0,0.0,0.0,0.0401503,0.342676,0.0582118,0.152551,0.0929885,0.458574,8.11006,3.73028,5.93367,1.00278,0.0,1.55666,0.149549,0.0883146
Tamil Nadu,Cuddalore,3,0.0,0.0,0.0,0.0,2.05693,0.0,17.182,5.06522,0.0,0.0,0.0,0.0,0.0,0.0,0.0,0.0,0.0,0.0,0.0,0.0,0.0,0.0547147,0.0,0.0,0.0,0.68929,0.0,0.0,0.0,0.0,0.0
Tamil Nadu,Dharmapuri,3,0.0,0.0,0.0,0.0,0.0,0.0,0.125994,0.487496,0.0,0.0,0.0,0.0,0.0,0.0,0.0,0.0,0.0,0.0,0.0,1.11437,0.564926,6.84243,0.0,1.57182,0.0,0.0,0.0435847,0.111415,0.0,0.0,0.0
Tamil Nadu,Dindigul,3,0.0,0.0,0.0,0.0,0.0,0.0,0.232726,1.89208,0.0,0.0,0.0,0.0,0.0,0.0,0.0,0.0,0.0,0.00786788,0.0,0.0426428,0.324895,1.91498,0.310634,4.36203,0.0,0.832691,0.053776,0.0,0.0,0.370194,0.00790921
Tamil Nadu,Erode,3,0.0,0.0,0.0,0.0,0.0,0.0,0.00611334,0.291103,0.0,0.0,0.0,0.0,0.0,0.0,0.0,0.0,0.0,0.0,0.0,0.0449768,0.379294,2.07697,0.0,0.40407,0.181576,0.0704097,0.102788,0.0244533,0.125307,0.381362,1.47665
Tamil Nadu,Kallakurichi,3,0.0,0.0,0.0,0.0,0.108535,0.0,2.14458,4.22698,0.0,0.0,0.0,0.0,0.0,0.0,0.0,0.0,0.0,0.0,0.0,0.0,0.0,1.27673,0.0,0.798796,0.0,0.0,0.0156285,0.0,0.0,0.0,0.0
Tamil Nadu,Kanchipuram,3,0.0,0.0,0.0,0.0,0.0,0.0,0.847859,0.0,0.0,0.0,0.0,0.0,0.0,0.0,0.0,0.0,0.0,0.0,0.0,0.0,0.0,0.0,0.0,0.0,0.0,0.0,0.0,0.0,0.0,0.0,0.0
Tamil Nadu,Kanniyakumari,3,0.0,0.0,0.0,0.0,0.0,0.0,0.0,0.120956,0.0,0.0,0.0,0.0,0.0,0.0,0.0,0.0,7.52694,0.705577,3.15896,0.0,0.0,0.0,0.0,0.221753,0.0,0.0,0.0,0.462235,1.23272,0.0,0.0
Tamil Nadu,Karur,3,0.0,0.0,0.0,0.0,0.0,0.0,0.451278,4.90669,0.0,0.0,0.0,0.0,0.0,0.0,0.0,0.0,0.0,0.0,0.0,1.12507,0.474352,13.1815,0.0,0.0,0.0,0.0,0.0,0.0,0.0,0.0,0.0
Tamil Nadu,Krishnagiri,3,0.0,0.0,0.0,0.0,0.0,0.0,0.0,0.0,0.0,0.0,0.0,0.0,0.0,0.0,0.0,0.0,0.0,0.0,0.0,0.833504,0.613339,3.14547,0.0,0.0176591,0.0,0.0,0.0,0.0,0.0,0.0,0.0
Tamil Nadu,Madurai,3,0.0,0.0,0.0,0.0,0.0,0.0,0.0135355,0.0468313,0.0,0.0,0.0,0.0,0.0,0.0,0.0,0.0,0.0,0.0,0.0,0.0,1.61701,0.0,0.0,0.267349,0.080238,0.0,0.319309,0.00144998,0.0,0.0,0.0
Tamil Nadu,Nagapattinam,3,0.0,0.0,0.0,0.446371,3.12771,0.0196507,18.6993,0.886338,0.0,0.0,0.0,0.0,0.0,0.0,0.0,0.0,0.0,0.0,0.0,0.0,0.0,0.0,0.0,0.0,0.0839385,0.482135,0.125925,0.0,0.0,0.0,0.0
Tamil Nadu,Namakkal,3,0.0,0.0,0.0,0.0,0.0,0.0,0.532541,3.10744,0.0,0.0,0.0,0.0,0.0,0.0,0.0,0.0,0.0,0.0,0.0,0.201191,0.00781761,7.31383,0.0,1.71845,0.0547161,0.0,3.08078,0.0109432,0.0,0.0,0.0
Tamil Nadu,Perambalur,3,0.0,0.0,0.0,0.0,0.0487583,0.0,0.452359,7.64232,0.0,0.0,0.0,0.0,0.0,0.0,0.0,0.0,0.0,0.0,0.0492761,0.0,0.0,0.835191,0.0,0.0,0.0,0.0,1.46609,0.0,0.0,0.0,0.0
Tamil Nadu,Pudukkottai,3,0.0,0.0,0.0,0.0,0.666272,0.0,3.27137,0.63297,0.0,0.0,0.0,0.0,0.0,0.0,0.0,0.0,0.0,0.0,0.0031029,0.0,6.20574,0.144283,0.0,0.0,1.82162,0.00596323,0.100604,0.0,0.0,0.0,0.0
Tamil Nadu,Ramanathapuram,3,0.0,0.0,0.0,0.0,0.0795917,0.0,0.00200391,0.0,0.0,0.0,0.0,0.0,0.0,0.0,0.0,0.0,0.0,0.0,0.0,0.0,0.00489733,0.0,0.0,0.0,0.0,0.0,0.128365,0.309079,0.0,0.0,0.0
Tamil Nadu,Ranipet,3,0.0,0.0,0.0,0.0,0.0117216,0.0,0.0,0.0,0.0,0.0,0.0,0.0,0.0,0.0,0.0,0.0,0.0,0.0,0.0,0.0,0.0,0.0,0.0,0.0,0.0,0.0,0.0,0.0,0.0,0.0,0.0
Tamil Nadu,Salem,3,0.0,0.0,0.0,0.0,0.0,0.0,0.700684,2.076,0.0,0.0,0.0,0.0,0.0,0.0,0.0,0.0,0.0,0.0,0.0,0.769082,0.2158,9.57082,0.0,2.82326,0.164556,0.0,2.09491,0.57236,0.0,0.0,0.0
Tamil Nadu,Sivaganga,3,0.0,0.0,0.0,0.0,0.207336,0.0,0.379867,0.016814,0.0,0.0,0.0,0.0,0.0,0.0,0.0,0.0,0.0,0.0,0.0,0.0,3.81537,0.0,0.0,2.57234e-05,0.566654,0.0,0.887841,0.531978,0.0,0.0,0.0
Tamil Nadu,Tenkasi,3,0.0,0.0,0.0,0.0,0.0,0.0,0.0,0.000128721,0.0,0.0,0.0,0.0,0.0,0.0,0.0,0.0,0.0,0.0,1.45115,0.0,0.617322,0.0,0.0,6.11198,0.913825,0.0,0.0,1.89349,3.4426,0.0,0.363434
Tamil Nadu,Thanjavur,3,0.0,0.0,0.0,0.0173704,2.0752,0.0,19.6914,0.701759,0.0,0.0,0.0,0.0,0.0,0.0,0.0,0.0,0.0,0.0,0.0349136,0.0,0.219183,0.162257,0.0,0.0,1.09939,0.268059,0.557111,0.0,0.0,0.0,0.0
Tamil Nadu,The Nilgiris,3,0.0,0.0,0.0,0.0,0.0,0.0,0.0,1.0456,0.0236108,0.0,0.0,0.0,0.0,0.0,0.0,0.0,0.0,0.0,0.0236108,0.288693,1.0297,8.84607,0.0,8.74238,0.819381,1.06593,1.01798,0.0,0.0,3.32151,2.62342
Tamil Nadu,Theni,3,0.0,0.0,0.0,0.0,0.0,0.0,0.0,0.000527166,0.0,0.0,0.0,0.0,0.0,0.0,0.0,0.0,0.494231,2.33307,0.0,0.0,0.770087,0.123054,0.530708,13.3378,1.76468,0.339657,2.21377,0.0,0.0,0.155852,1.88468
Tamil Nadu,Thiruvallur,3,0.0,0.0,0.0,0.0,1.40058,0.0,0.0187424,0.0,0.0,0.0,0.0,0.0,0.0,0.0,0.0,0.0,0.0,0.0,0.0,0.0,0.0,0.0,0.0,0.0,0.0,0.0,0.0,0.0,0.0,0.0,0.0
Tamil Nadu,Thiruvarur,3,0.0,0.0,0.0,0.195999,5.39486,0.00708542,18.5532,0.204176,0.0,0.0,0.0,0.0,0.0,0.0,0.0,0.0,0.0,0.0,0.0,0.0,0.0,0.0,0.0,0.0,1.21766,0.300488,0.0576276,0.0,0.0,0.0,0.0
Tamil Nadu,Tiruchirappalli,3,0.0,0.0,0.0,0.0,0.0121026,0.0,0.824234,6.02474,0.0,0.0,0.0,0.0,0.0,0.0,0.0,0.0,0.0,0.0,0.0674114,0.0232527,0.295386,5.90405,0.0,0.0,0.0,0.0,0.286857,0.0,0.0,0.0,0.0
Tamil Nadu,Tirunelveli,3,0.0,0.0,0.0,0.0,0.0,0.0,0.0,0.748407,3.43773,0.0,0.0,0.0,0.0,0.0,0.0,0.0,0.00551888,0.0901076,0.442318,0.0,0.0,0.0,0.0,1.94308,0.0,0.0,0.0,1.70969,0.178588,0.0,0.0135153
Tamil Nadu,Tirupathur,3,0.0,0.0,0.0,0.0,0.0,0.0,0.0,0.0,0.0,0.0,0.0,0.0,0.0,0.0,0.0,0.0,0.0,0.0,0.0,0.0402051,0.0,4.01578,0.0,0.105873,0.0,0.0,0.0,0.0,0.0,0.0,0.0
Tamil Nadu,Tiruppur,3,0.0,0.0,0.0,0.0,0.0,0.0,0.0,0.813242,0.0,0.0,0.0,0.0,0.0,0.0,0.0,0.0,0.0,0.0101699,0.0298203,0.449378,0.407117,0.350928,0.203034,2.26797,0.100944,1.21958,0.820635,0.0,0.13227,0.200119,0.0117656
Tamil Nadu,Tiruvannamalai,3,0.0,0.0,0.0,0.0,0.000435829,0.0,0.284723,0.261195,0.0,0.0,0.0,0.0,0.0,0.0,0.0,0.0,0.0,0.0,0.0,0.961785,0.0,1.60346,0.0,0.364976,0.0,0.0,0.0,0.0,0.0,0.0,0.0
Tamil Nadu,Tuticorin,3,0.0,0.0,0.0,0.0,0.0,0.0,0.0,17.6038,3.79484,0.0,0.0,0.0,0.0,0.0,0.0,0.0,0.0,0.0,0.0,0.0,0.122702,0.0,0.0,0.0,0.0,0.0,0.0,0.111025,0.0,0.0,0.0
Tamil Nadu,Vellore,3,0.0,0.0,0.0,0.0,0.0,0.0,0.0,0.0,0.0,0.0,0.0,0.0,0.0,0.0,0.0,0.0,0.0,0.0,0.0,1.80952,0.0,3.7789,0.0,0.00119168,0.0,0.0,0.0,0.0,0.0,0.0,0.0
Tamil Nadu,Villupuram,3,0.0,0.0,0.0,0.0,0.284121,0.0,4.91192,0.0432416,0.0,0.0,0.0,0.0,0.0,0.0,0.0,0.0,0.0,0.0,0.0,0.159031,0.0,0.0637776,0.0,0.0,0.0,0.0,0.0,0.0,0.0,0.0,0.0
Tamil Nadu,Virudhunagar,3,0.0,0.0,0.0,0.0,0.0,0.0,0.0,0.0,0.0,0.0,0.0,0.0,0.0,0.0,0.0,0.0,0.0,0.0,0.0630644,0.0,1.39778,0.0,0.0,0.612069,1.6628,0.0,0.059528,0.0696496,0.00927417,0.0,0.0
Tamil Nadu,Ariyalur,4,0.0,0.0,0.608264,0.0,0.0,0.0,0.0,0.0184178,0.951429,13.8584,3.85162,4.38697,3.46424,2.14902,0.333827,0.0,19.466,9.91873,0.0,0.0,0.0,0.0,0.0184178,1.21425,0.0,0.0,0.0,0.0,0.0,0.0,0.0
Tamil Nadu,Chengalpattu,4,0.0,0.0,0.0,0.0,0.0,0.0,0.0,0.0,0.0,0.0694584,0.0463056,0.0,0.117499,0.380402,0.0,0.0,0.0,0.0,0.0,0.0,0.0861349,0.0,0.0,0.0,0.0,0.0,0.0,0.0,0.0,0.0,0.0
Tamil Nadu,Chennai,4,0.0,0.0,0.0,0.0,0.0,0.0,0.0,0.0,0.0,0.0,0.0,0.0,0.0,0.0,0.0,0.0,0.0,0.0,0.0,0.0,0.0,0.0,0.0,0.0,0.0,0.0,0.0,0.0,0.0,0.0,0.0
Tamil Nadu,Coimbatore,4,0.0867403,1.85336,0.246955,0.312481,0.0,0.0334586,3.47647,0.0361995,6.30248,6.99804,0.379554,10.1635,11.9731,6.66491,7.33187,1.89519,0.0629105,10.5256,3.65526,0.290135,0.0,0.0,3.42256,17.7329,0.477238,0.0476191,0.00155413,0.0,0.435155,1.79405,0.0
Tamil Nadu,Cuddalore,4,0.0,0.0,0.0,0.0,0.0,0.0,0.0,0.3062,1.24342,11.7402,2.60312,3.52605,3.98648,2.5067,0.0,0.0,6.35471,5.71588,0.0,0.0,0.0,0.0,0.0,0.184007,0.0,0.0,0.0,0.0,0.0,0.0,0.0
Tamil Nadu,Dharmapuri,4,0.130128,0.0,0.0,0.0,0.0,0.0,0.0349736,0.0,0.11183,0.0,0.0,0.117615,0.408912,5.43041,8.48744,0.0961521,9.14658,12.1421,0.0,0.233727,0.0,0.0,0.0,0.499608,0.0435847,0.0579042,0.0,0.0,0.0,0.0,0.0
Tamil Nadu,Dindigul,4,0.119927,0.0162801,0.0209197,0.0770381,0.0,0.00776455,0.390506,1.59935,5.00181,10.1401,0.397082,7.25308,15.0482,5.46623,4.24604,0.232774,1.66874,11.2119,4.65632,0.310221,0.0,0.0,2.84439,12.3205,4.13302e-05,0.0,0.0,0.0,0.0,0.00351209,0.0
Tamil Nadu,Erode,4,0.655237,0.591613,0.350278,0.0,0.0,0.0,0.00480493,0.00274567,1.48416,0.76589,0.0220374,0.0886406,2.1614,8.97111,11.8771,2.81714,0.200174,17.848,0.869718,0.844593,0.0,0.0,0.265372,18.0906,0.43236,0.00407556,0.0,0.0,0.0,1.00452,0.0
Tamil Nadu,Kallakurichi,4,0.0,0.0,0.0,0.0,0.0,0.0,0.0,0.0738107,0.470419,4.30179,0.734338,1.30949,1.75548,5.17262,0.0,0.0466588,7.18827,19.4868,0.0,0.0,0.0,0.0,0.0,0.684149,0.0,0.0,0.0,0.0,0.0,0.0,0.0
Tamil Nadu,Kanchipuram,4,0.0,0.0,0.0,0.0,0.0,0.0,0.0,0.0,0.0344566,0.0,0.0,0.0,0.0838078,0.858676,0.0,0.0,0.0,0.0,0.0,0.0,0.0189395,0.0,0.0,0.0,0.0,0.0,0.0,0.0,0.0,0.0,0.0
Tamil Nadu,Kanniyakumari,4,0.0,0.0,3.85043,4.37476,9.28564,4.27141,7.37473,0.0,5.91271,13.4107,11.2297,11.7383,24.6191,12.2694,1.87482,0.221753,0.46844,1.17463,22.2987,0.0,0.403187,0.435832,21.2432,4.04546,4.44154,5.61937,0.141115,0.0,1.19167,9.91372,0.0
Tamil Nadu,Karur,4,0.0,0.0,0.0,0.0,0.0,0.0,0.0,0.0,0.403217,4.99934,0.0,1.57601,3.93163,3.19362,0.275881,0.735802,0.0,7.74642,0.0,0.0846961,0.0,0.0,0.195915,14.5813,0.0,0.0,0.0,0.0,0.0,0.0,0.0
Tamil Nadu,Krishnagiri,4,0.00119385,0.0,0.0,0.0,0.0,0.0,0.185243,0.0,0.167677,0.0,0.0,0.0,0.0,3.10025,11.9675,0.0,10.3677,9.71085,0.0802488,0.209448,0.0,0.0,0.0,0.0908142,0.0,0.0,0.0,0.0,0.0,0.0,0.0
Tamil Nadu,Madurai,4,0.0,0.0,0.981057,0.192398,0.0168422,0.0334176,0.118623,0.430341,7.98776,18.5823,5.96969,12.1838,11.0314,8.01403,0.0322635,0.0686979,0.519439,10.9136,0.283426,0.0,0.0,0.0,4.31493,0.984286,0.281751,0.0,0.0,0.0,0.0,0.0,0.0
Tamil Nadu,Nagapattinam,4,0.0,0.0,0.117857,0.0,0.0,0.0,0.0,0.105226,1.57136,4.88013,13.1395,3.90838,3.60134,10.9527,0.0,0.0,10.1191,0.422048,0.0,0.0,0.0,0.0,1.40847,0.103821,0.0,0.0,0.0,0.0,0.0,0.0,0.0
Tamil Nadu,Namakkal,4,1.1615,0.0,0.0,0.0,0.0,0.0,0.0,0.0,2.36298,1.04352,0.0,1.026,1.41314,3.71806,5.00771,2.03159,8.71169,16.926,0.00479035,0.783848,0.0,0.0,2.40448,15.5257,0.0,0.0,0.0,0.0,0.0,0.537407,0.0
Tamil Nadu,Perambalur,4,0.0,0.0,0.182322,0.0,0.0,0.0,0.0,0.0,0.683502,1.24073,0.702289,7.59059,0.942301,1.76376,0.10348,0.0,7.80833,14.1177,0.0,0.00820313,0.0,0.0,0.0,0.386199,0.0,0.0,0.0,0.0,0.0,0.0,0.0
Tamil Nadu,Pudukkottai,4,0.0,0.0,0.830974,1.55656,0.0,0.0,0.0,0.0220876,0.0269072,11.8482,6.86652,6.82798,3.65313,2.72806,0.0315053,0.0,22.0975,0.422581,0.0,0.0,0.0,0.0,3.65919,0.509866,0.0,0.0,0.0,0.0,0.0,0.0,0.0
Tamil Nadu,Ramanathapuram,4,0.0,0.0,0.0320042,2.65344,1.50915e-05,0.0,0.368337,3.11559,1.62824,2.46413,9.38884,11.0673,2.86498,2.29453,1.50915e-05,0.127134,1.88937,7.55048,0.0,0.13461,0.0,0.00653281,4.04897,0.0899774,0.0,0.0,0.0,0.0722142,0.0,0.0,0.0
Tamil Nadu,Ranipet,4,0.0,0.0,0.0,0.0,0.0,0.0,0.0,0.0,0.0268306,0.0,0.0,0.0,0.0,1.38134,0.0,0.0,0.0,0.0640233,0.0,0.0,0.0,0.0,0.0,0.0,0.0,0.0,0.0,0.0,0.0,0.0,0.0
Tamil Nadu,Salem,4,1.58792,0.0,0.0,0.0,0.0,0.0,0.102252,0.0,0.757639,0.0517446,0.000365421,1.28664,1.51492,11.8685,20.6225,0.818782,9.39605,21.7231,0.0185256,1.71007,0.0,0.0,0.00633081,4.80175,0.329664,0.442738,0.0,0.0,0.0,0.381541,0.0
Tamil Nadu,Sivaganga,4,0.0,0.0,8.33393,2.66532,0.128253,1.8374e-06,0.0,5.01389,2.16958,6.81902,10.173,9.49287,0.630554,10.8378,0.0793512,0.0,5.16398,4.13423,0.0,0.0533471,0.0,0.0,7.76349,0.0780717,0.0,0.0,0.0,0.0,0.0,0.0,0.0
Tamil Nadu,Tenkasi,4,0.0,0.0,0.842973,0.126294,0.805865,0.743141,0.0,0.728957,15.5964,13.7927,14.6917,30.3039,48.2789,6.99174,0.313941,1.97708,0.0,9.09502,0.472254,0.0068046,0.00856082,1.39987,4.76995,0.831364,0.0678045,1.0235,0.0,0.0,0.267155,0.889464,0.0
Tamil Nadu,Thanjavur,4,0.0,0.0,4.81344,0.165956,0.0,0.0,0.0,0.127252,0.241324,12.3549,10.9591,2.98024,17.3301,12.1261,0.0715641,0.0,13.869,0.818223,0.0,0.0,0.0,0.0,2.40189,0.678645,0.0,0.0,0.0,0.0,0.0,0.0,0.0
Tamil Nadu,The Nilgiris,4,0.0330168,4.06965,0.00787027,0.0157405,0.0,0.0,0.0647877,0.0,7.18703,8.82994,0.0226514,5.84964,7.23171,6.14433,19.6867,4.79373,6.55994,5.195,2.20105,0.113244,0.0,0.0,10.5518,6.51088,0.814221,0.0,0.519175,0.0,0.0,3.95713,0.0
Tamil Nadu,Theni,4,0.0504737,0.0,5.81918,5.11418,0.0,1.37488,1.2173,1.08186,16.1665,40.9491,1.19025,14.2624,28.6024,9.07514,1.54816,5.33863,7.35331,1.4915,3.17445,0.123415,0.0,0.0,2.92012,8.93186,3.11934,0.0,0.0,0.0,0.0,0.0,0.0
Tamil Nadu,Thiruvallur,4,0.0,0.0,0.0,0.0,0.0,0.0,0.0,0.0,0.0124717,0.0,0.0,0.0,0.0281137,0.0378726,0.0,0.0,0.0,0.00436992,0.0,0.0,0.0,0.0,0.0,0.0,0.0,0.0,0.0,0.0,0.0,0.0,0.0
Tamil Nadu,Thiruvarur,4,0.0,0.0,0.228321,0.0151361,0.0,0.0,0.0,0.0880314,0.582118,9.70176,9.42357,2.72216,21.0397,54.7189,0.0,0.0,7.08849,0.95989,0.0,0.0,0.0,0.0,0.640528,0.679361,0.0,0.0,0.0,0.0,0.0,0.0,0.0
Tamil Nadu,Tiruchirappalli,4,0.0,0.0,0.311148,0.0,0.0,0.0,0.0,0.00163093,0.505552,3.63168,0.553975,3.67149,0.966036,1.69704,0.50379,1.01725,0.981975,8.42984,0.0,0.117319,0.0,0.0,0.0945197,2.08249,0.0,0.0,0.0,0.0,0.0,0.0,0.0
Tamil Nadu,Tirunelveli,4,0.0,0.0,6.74044,1.69706,4.73486,2.56845,3.96533,0.871789,12.5596,10.0329,16.3835,22.5442,21.0642,2.56262,1.44188,0.0647894,0.0540645,3.64964,7.29801,0.0,0.430964,0.0910453,9.72122,3.60991,0.0879029,0.21607,0.0180215,0.0,0.107427,0.216402,0.0
Tamil Nadu,Tirupathur,4,0.0,0.0,0.0,0.0,0.0,0.0,0.241413,0.0,0.0267425,0.0,0.0,0.0,0.0,0.0,14.718,0.0,3.37714,8.06171,0.0,0.163326,0.0,0.0,0.0,0.105873,0.0,0.0,0.0,0.0,0.0,0.0,0.0
Tamil Nadu,Tiruppur,4,0.235212,0.579955,0.187116,0.041914,0.0,0.00963798,0.770549,0.444106,4.33093,6.87298,0.013372,3.93154,19.6169,6.40004,11.8451,6.86181,0.239935,8.58069,1.52348,0.179355,0.0,0.0,1.16358,15.016,0.0378465,0.00372338,0.0,0.0,0.0282721,2.24013,0.0
Tamil Nadu,Tiruvannamalai,4,0.0,0.0,0.0,0.0,0.0,0.0,0.00371976,0.0,0.00198671,0.221469,0.00457247,0.0537201,0.768115,3.43165,0.733065,0.0230229,4.40513,3.28209,0.0,0.0,0.0132831,0.0,0.0,0.201742,0.0,0.0,0.0,0.0,0.0,0.0,0.0
Tamil Nadu,Tuticorin,4,0.0,0.0,0.0464451,0.0255628,0.646617,0.142061,0.789327,2.23393,2.33738,5.51825,14.586,16.5869,3.55685,3.18244,0.057408,0.0,0.0,3.2049,0.0382231,0.243088,0.0,0.0100437,9.99977,0.11205,0.0,0.0,0.0,0.0,0.107364,0.0,0.0
Tamil Nadu,Vellore,4,0.0,0.0,0.0,0.0,0.0,0.0,0.0,0.0,0.0,0.0,0.0,0.0,0.0,0.440995,0.483414,0.0,0.230755,3.35231,0.0,0.00431804,0.0,0.0,0.0,0.00119168,0.0,0.0,0.0,0.0,0.0,0.0,0.0
Tamil Nadu,Villupuram,4,0.0,0.0,0.0,0.0,0.0,0.0,0.0,0.037911,0.0187106,7.76857,2.00295,0.00371242,1.14413,1.53478,0.0,0.0,0.093042,0.733083,0.0,0.0,0.0477799,0.0,0.0,0.0152225,0.0,0.0,0.0,0.0,0.0,0.0,0.0
Tamil Nadu,Virudhunagar,4,0.0,0.0,0.0,0.371846,0.214338,0.132865,0.023752,1.21319,13.5896,16.3241,8.02346,18.8571,7.54711,17.1356,0.00335508,0.508035,0.0,12.4654,0.159246,0.14585,0.0,0.0,5.44161,1.34852,0.144984,0.044516,0.0,0.0,0.166501,0.0389515,0.0
Tamil Nadu,Ariyalur,5,0.0,0.0,0.0,0.0,0.0,0.0,21.5062,0.0,0.0,4.62221,0.0471005,0.41331,0.40699,2.05679,8.6783,6.17312,1.24856,0.333827,1.15403,1.57376,2.51795,0.160816,0.158965,0.0,0.492064,0.922,0.0254052,7.77791,0.0794827,0.0,1.8982
Tamil Nadu,Chengalpattu,5,0.0,0.0,0.0,0.0,0.0,0.0,0.0,0.0,0.0,4.06415,0.9045,0.0234769,8.49105,1.46689,0.947679,2.24988,0.471084,1.34105,0.0,0.0,0.729024,0.0,0.0,0.0,0.0,0.159735,2.40378,0.208375,0.0,0.0,0.0
Tamil Nadu,Chennai,5,0.0,0.0,0.0,0.0,0.0,0.0,0.0,0.0,0.0,1.20861,8.05738,0.366244,1.3551,0.219747,0.0,0.146498,0.0,7.80101,0.0,0.0,0.0366244,0.0,0.0,0.0,0.0,0.146498,0.0,1.53823,0.0,0.0,0.0
Tamil Nadu,Coimbatore,5,0.0,8.90939,0.508186,1.38036,10.372,0.0,0.0208522,3.13725,10.8406,1.79812,4.96201,0.856171,12.4986,0.68122,6.77823,4.27004,3.87598,7.69415,15.7561,3.31598,18.217,20.1812,5.405,0.361098,0.0875554,3.23809,5.8132,4.80502,0.808022,0.387689,2.58893
Tamil Nadu,Cuddalore,5,0.0,0.0,0.0,0.0,0.00015747,0.0,10.7329,0.0,0.0,3.81633,0.314905,0.0,10.8713,1.7825,0.985384,25.3722,0.421878,0.000236205,1.47729,0.0,0.0155418,0.232496,0.0,0.0,0.0,0.900179,11.1215,10.366,0.0,0.0,0.000973745
Tamil Nadu,Dharmapuri,5,0.0,5.23543,2.77406,4.79469,1.84558,0.0,1.95537,5.3699,8.16295,7.30092,0.00817997,0.284057,12.5408,0.118668,17.734,22.9338,10.8295,16.6866,5.8811,0.432885,0.323681,0.0285857,0.0,0.0,0.0,0.780841,0.6579,0.0547593,0.0,0.134761,12.1474
Tamil Nadu,Dindigul,5,0.0,3.19062,0.013956,0.375468,13.9158,0.0,0.0,0.0157387,0.846369,0.000878024,1.5444,0.00175605,0.0680752,0.0,2.05846,1.47975,8.22895,2.13379,3.25699,0.0,0.0509741,0.0167943,0.172065,0.25468,9.11906,15.9606,2.92325,1.23227,3.46936,9.53684,1.33485
Tamil Nadu,Erode,5,0.384671,15.7834,3.54328,14.7858,4.63071,0.421423,0.00838196,7.98421,11.2411,0.733001,5.9122,0.191337,19.4084,0.700192,3.24445,13.6943,5.74523,15.1602,4.69119,0.226588,1.75336,1.11073,0.210034,0.0110187,0.804756,1.25759,0.974606,6.15518,0.081929,0.143887,1.94931
Tamil Nadu,Kallakurichi,5,0.0,0.00223264,0.286585,0.368815,0.845406,0.0,5.57812,0.0699881,0.372126,2.16863,0.0608416,0.0,15.8513,0.00759425,1.28456,36.4694,0.398705,6.24547,1.42845,0.0,0.0,0.00223264,0.0,0.0,0.0,3.73637,4.65393,1.18297,0.0,0.0519318,0.115568
Tamil Nadu,Kanchipuram,5,0.0,0.575845,0.0,0.0,0.591271,0.0,0.165563,0.0,0.0,4.605,10.9508,0.118431,6.45308,3.88766,2.78359,8.2519,3.36234,4.26474,0.0,0.0,2.05474,0.0,0.0,0.0,0.0,2.06056,4.10633,0.0,0.0,0.0,0.0
Tamil Nadu,Kanniyakumari,5,0.0,0.0,0.0,0.0,3.29755,0.0,0.0,0.0,0.0,0.00208783,1.40889,0.139627,0.919356,0.00156588,10.6525,1.78339,0.00521959,5.93524,15.9523,6.20467,6.57277,1.38745,0.87527,2.57218,0.00678546,2.40627,0.282231,0.0,3.60953,3.44279,4.60033
Tamil Nadu,Karur,5,0.0,0.226671,0.400403,0.947157,17.3735,0.0,0.0,0.0,0.470179,0.826039,0.10688,0.0,0.246024,0.0,0.37238,3.55156,2.11533,3.9231,10.6407,0.0,0.0954791,0.00637741,0.0,0.0,0.0988498,1.63547,1.20144,3.00083,0.425344,3.40831,4.13599
Tamil Nadu,Krishnagiri,5,2.09745,10.0245,6.45446,9.46852,10.7961,1.49421,5.95533,4.54754,5.59768,6.84013,0.109333,0.967965,5.98773,0.048595,38.0812,19.7052,32.5454,15.8036,7.72479,0.43574,0.440939,0.0,0.0,0.0,0.0,1.77127,3.2409,0.0,0.0,0.621905,1.98618
Tamil Nadu,Madurai,5,0.0,6.84947,0.267538,0.0,5.71261,0.0,0.123203,0.353105,0.0,0.0,0.0249203,0.0,0.0,0.0,5.01702,9.88297,12.3698,1.67519,0.0,0.0,0.0,0.0,0.281518,0.258316,5.98928,6.84399,3.37153,6.99439,8.87562,1.96286,0.00260781
Tamil Nadu,Nagapattinam,5,0.0,0.0,0.0,0.0,0.397374,0.0,7.17252,0.0,0.0,2.284,0.000296474,0.0,0.905585,1.14662,0.841841,8.16118,0.411029,0.0,1.87269,0.0,0.068386,0.353098,0.0,0.0,0.0,0.0,0.257102,3.78888,0.0,0.0,0.0
Tamil Nadu,Namakkal,5,0.0,3.12733,1.27483,1.48368,8.93297,0.0,3.50344,0.355256,0.812004,3.36269,0.084154,0.00479035,7.93634,0.0,7.56676,6.46067,4.59025,7.43994,10.7177,0.0,0.201388,2.03068,0.0,0.0,0.322689,0.690583,0.910225,3.28838,0.0742673,0.545755,8.40325
Tamil Nadu,Perambalur,5,0.0,0.012231,0.0,0.43147,7.41521,0.0,0.75516,0.0,0.389649,8.67999,0.00202088,0.128118,2.85734,0.0161704,14.2442,7.66389,2.1412,0.24227,13.4234,0.487834,0.52227,0.0615071,0.0492761,0.0,8.23041,0.285802,0.217375,20.9246,0.0246381,0.0,2.59772
Tamil Nadu,Pudukkottai,5,0.0,0.0,0.0,0.100492,1.57853,0.203148,8.05511,0.0,0.0,1.36975,0.0,0.0062058,0.0,0.0,3.32047,2.71694,2.85207,0.110459,0.300709,0.494452,0.671022,0.0031029,2.21229,0.0333329,4.60085,1.81587,0.264825,1.49655,0.0,8.64819,3.37012
Tamil Nadu,Ramanathapuram,5,0.0,0.0,0.0,0.0,0.100652,0.0416068,1.6263,0.00038218,0.0,0.0,0.154553,0.0,0.0,0.0,0.000324466,1.50915e-05,0.00026965,0.0,0.0,0.09312,0.0,0.0,0.126851,3.39558e-05,0.0,0.108166,0.0,0.0,0.408619,0.0,2.71159
Tamil Nadu,Ranipet,5,0.0,10.9509,0.0,0.0,7.60237,0.0,9.23021,0.0,0.0,0.140794,16.0345,0.0376815,4.09482,0.0,13.059,26.0512,20.3793,0.625556,0.0,0.0,1.00615,0.0,0.0,0.0,0.0507937,5.57435,10.4952,0.113309,0.0,0.0,0.263892
Tamil Nadu,Salem,5,0.0,5.7614,3.43063,4.16305,3.38308,0.0,2.41813,5.28232,2.14587,4.0229,0.213409,0.0604086,26.478,1.11091,10.4698,14.4531,16.0297,21.3964,6.18672,0.0717822,1.74923,0.3415,0.0,0.0,0.0718969,1.08499,0.0642135,2.45331,0.0,0.0460653,4.03228
Tamil Nadu,Sivaganga,5,0.0,3.6748e-06,0.00323495,0.0,4.65413,0.112582,4.34143,0.439027,0.0,0.000266692,0.279454,0.0,0.0,0.0,3.29581,5.49813,2.39156,0.0204936,0.00280233,0.252236,0.00934109,0.0,1.74998,0.594516,4.25715,0.290359,0.547045,3.30259,2.93429,0.118331,1.81791
Tamil Nadu,Tenkasi,5,0.0,0.0,0.0,0.0,7.62098,0.0,0.0,0.190529,0.0,0.0,0.424675,0.833502,0.248686,0.0,2.59616,0.267875,0.557087,0.0382495,1.08346,3.1357,1.54058,0.0,0.0,0.0764989,0.0842552,0.0,0.477612,0.568418,0.172123,0.391577,0.627461
Tamil Nadu,Thanjavur,5,0.0,0.0,0.0,0.0,0.0504609,0.0135205,9.06325,0.0,0.0,2.02356,0.0,0.0802492,0.0284076,0.175448,13.824,2.58923,2.26061,0.153719,1.12647,0.329963,2.06243,0.0484626,0.102623,0.0,0.0,0.188464,0.0,1.28844,0.00868505,0.135329,0.0347645
Tamil Nadu,The Nilgiris,5,1.23429,4.06296,5.09934,8.62598,6.48523,2.57116,0.0,13.7059,15.7398,2.27648,5.7659,0.83111,10.5537,0.21053,20.8255,11.4185,10.6879,10.3507,7.59863,1.36307,7.45157,6.93381,1.96896,0.0113257,0.0,10.6766,10.2995,2.69355,0.683259,11.0977,12.4054
Tamil Nadu,Theni,5,0.0,5.3396,0.0,1.6197,12.1546,0.0,0.0,0.0,0.0944079,0.818038,2.88004,1.65586,1.04508,0.187467,4.49208,0.307039,0.475264,1.88689,1.68429,0.357892,2.11525,1.43705,0.244607,0.143123,3.5215,6.23308,14.5136,4.09022,1.12266,1.26606,0.291815
Tamil Nadu,Thiruvallur,5,0.0,1.22974,0.0,0.00133454,0.342312,0.0,2.81601,0.0,0.0,1.50877,21.9455,0.240081,4.01924,0.142379,0.856787,11.7036,4.55001,15.0083,0.0,0.0,0.633074,0.0,0.0,0.0,0.235422,2.21695,1.95738,3.10802,0.0,0.0,0.0
Tamil Nadu,Thiruvarur,5,0.0,0.0,0.0,0.0,4.14618,0.0,3.38447,0.0,0.0,3.26202,0.0,0.0,0.865323,0.0,6.32801,5.96,2.4443,0.0,4.02209,0.0,0.16092,2.51987,0.0,0.0,0.0,0.0,0.0,0.352996,0.0,0.0,0.0
Tamil Nadu,Tiruchirappalli,5,0.0,0.0081278,0.07589,0.577525,13.1418,0.0,1.58292,0.0,2.21974,12.3418,0.0,0.175126,0.403344,0.0,16.4954,0.928788,3.13779,1.08605,6.32212,0.667158,2.14773,0.215212,0.110311,0.0181297,2.50004,6.59021,3.00497,3.62951,0.0416249,2.68323,13.2639
Tamil Nadu,Tirunelveli,5,0.0,0.0,0.0,0.0,7.19458,0.0,0.0,0.0,0.0,0.0,0.0411197,0.0256012,0.0645763,0.0,1.33685,0.166912,0.0,0.22192,2.24766,1.52127,0.784671,0.020596,0.0643625,0.000286033,0.0309572,0.306366,0.584139,0.0,0.119071,0.265174,0.420133
Tamil Nadu,Tirupathur,5,0.0,0.301949,0.00141324,6.72117,13.1448,0.88499,2.17215,0.0,1.61089,20.583,1.26715,0.481277,3.35589,0.531306,9.23184,23.8852,23.7657,19.0211,24.7338,0.00717742,0.0,0.0,0.0,0.0,0.0,0.113722,4.53926,0.00211606,0.0,0.173019,7.05745
Tamil Nadu,Tiruppur,5,0.0,7.53792,0.873598,0.476313,15.2869,0.0,0.00159573,1.28537,11.2144,0.221189,6.73497,0.225923,2.23347,0.026504,1.86957,7.08289,2.73921,6.70162,6.05186,0.0791627,1.1113,0.655271,0.225963,0.080566,0.520429,2.08984,1.43536,1.03927,0.407343,3.43927,0.408514
Tamil Nadu,Tiruvannamalai,5,0.0,2.27952,0.130687,0.798477,7.43869,0.00118862,6.4812,0.0345343,2.03762,2.52098,4.09214,0.015443,9.02731,0.349661,15.0693,30.6297,8.30539,4.92096,4.0616,0.0,0.0491777,0.0,0.0,0.0,0.0,2.71852,4.44685,0.102689,0.0,0.843831,2.95181
Tamil Nadu,Tuticorin,5,0.0,0.0,0.0,0.0,5.91003,0.0,0.0,0.153313,0.0,0.0,0.0,0.0,0.0,0.0,0.0464451,0.101614,0.0,0.0,0.0704973,0.55414,0.00034292,0.0,0.0,0.0,0.205399,0.0,3.27286,0.0969475,0.0,0.558591,1.73629
Tamil Nadu,Vellore,5,0.00235529,1.85704,0.251272,0.0339423,6.2691,1.24088,6.20166,0.0,0.0,6.34303,7.45648,0.674047,1.51251,0.000238335,15.5527,19.514,14.1054,9.21381,13.5501,0.0,0.0,0.0,0.0,0.0,0.0,6.35075,2.20009,0.0952379,0.0,0.0,0.520532
Tamil Nadu,Villupuram,5,0.0,2.76937,0.0,0.0,0.304389,0.0,5.14312,0.0,0.0,0.719037,1.28332,0.0,15.5401,0.00435162,5.51579,35.8442,1.23908,0.0953973,0.061702,0.0,2.56023,0.00326371,0.0,0.0,0.0,0.35471,9.08811,1.55905,0.0,0.0,0.0
Tamil Nadu,Virudhunagar,5,0.0,0.299072,0.0,0.0,6.62653,0.0,0.0,0.881709,0.161166,0.0,0.0196256,0.0264231,0.0,0.0,0.261689,5.58319,1.31974,0.11764,0.0,0.113977,0.0,0.0,0.0,0.0,2.03641,0.00498222,3.42261,3.30066,2.05161,2.9956,4.65592
Tamil Nadu,Ariyalur,6,0.0,0.559577,0.283881,0.0,0.0,4.85331,2.24122,0.0,0.0,0.0,0.0,0.0,0.189256,0.0,0.333827,13.1126,2.35358,1.56459,4.3451,0.236698,0.0335682,1.33255,0.0,0.0,0.0,0.0,0.0,0.0,0.0,0.0,0.0
Tamil Nadu,Chengalpattu,6,0.0,0.0,0.0,0.0,0.0,0.0352154,0.500101,0.0,0.0,0.0,0.0,0.0,0.0,0.0,0.057095,0.0718383,0.0,0.0391282,0.0990711,8.72977,14.1687,1.87483,0.0,0.0,0.00391282,0.0,0.0,0.697794,0.411582,7.33446,0.0
Tamil Nadu,Chennai,6,0.0,0.0,0.0,0.0,0.0,0.585991,0.0,0.0,0.0,0.0,0.0,0.0,0.0,0.0,0.0,0.0,0.0,0.146498,0.0,19.9603,17.7629,12.7453,0.0,0.0,3.80894,2.60034,0.0732489,0.769113,0.0,1.28186,0.0
Tamil Nadu,Coimbatore,6,9.79998,0.757561,0.0882923,0.213661,0.294172,4.57312,3.64069,0.513749,0.210821,0.88423,1.33373,1.19903,1.38171,1.7464,2.58614,5.25862,12.0711,4.23423,4.9423,2.27043,7.7976,6.06936,3.08957,3.40551,10.5152,8.74226,0.0648971,2.14021,8.84438,6.4517,0.0
Tamil Nadu,Cuddalore,6,0.0,0.796933,0.0264731,0.0,0.0,1.22087,8.48856,0.0,0.0,0.0,0.0,0.0,0.0,0.0,0.482314,19.2122,1.16245,1.49156,0.00903844,1.30317,0.526018,3.15678,0.0,0.0,1.82301,0.0,0.0,0.0,0.0102036,0.815853,0.0
Tamil Nadu,Dharmapuri,6,0.785421,0.0,0.0,0.335902,0.0,12.517,2.62362,0.0,0.0,0.360098,0.0,0.0799619,0.00430618,0.00430618,21.197,13.3216,22.7799,7.79801,4.79028,0.648971,0.676344,0.902183,0.806432,0.0,0.0,0.0,0.00430618,0.0,0.197149,0.0,0.0
Tamil Nadu,Dindigul,6,2.04891,1.57835,0.812898,1.33829,0.00319,4.35839,5.9597,0.0183324,1.03915,1.56248,4.01022,0.171207,3.13203,0.770787,8.37351,14.2156,19.756,6.95993,1.70787,2.70137,0.137103,2.92673,0.519081,1.42316,0.764753,0.00319,0.0,0.0,0.00319,0.057641,0.0
Tamil Nadu,Erode,6,16.8288,0.0710327,1.5983,0.0108381,0.0231521,12.7133,8.50554,0.0,0.0707004,0.0670155,0.163489,0.0560386,1.95888,2.16511,12.6264,4.83791,6.92874,2.20521,1.30567,0.817668,1.47729,2.25971,3.11472,0.25515,0.645562,0.470115,0.0,0.0994106,0.47405,0.5984,0.0
Tamil Nadu,Kallakurichi,6,0.994263,0.06986,0.0834516,0.0,0.0,1.64342,14.9544,0.0,0.0,0.356573,0.0,0.0,0.0,0.0,1.44138,12.9832,4.29916,0.247021,2.27532,14.0326,8.44156,3.58176,0.0777646,0.0,0.400418,0.0,0.0,0.0,0.00777646,1.02103,0.0
Tamil Nadu,Kanchipuram,6,0.0,0.00174275,0.0,0.0,0.0,0.175665,0.0252527,0.0,0.0,0.0,0.0,0.0,0.00264168,0.0,0.072188,0.672074,0.443055,0.217638,0.0916113,43.5883,26.5048,8.21635,0.0,0.0,0.3097,0.0,0.0,1.3335,0.903721,3.12679,0.0
Tamil Nadu,Kanniyakumari,6,0.451326,2.86014,1.15065,0.0,0.00313175,0.00156588,0.69373,1.34568,0.0,0.0,2.00321,0.0,0.0,0.0,0.0,0.00104392,0.691922,4.8989,0.0,0.0,0.507115,0.0,0.0,0.00156588,1.37218,0.125132,0.0,0.000521959,3.39227,0.311822,0.0
Tamil Nadu,Karur,6,0.405661,0.0,0.14972,0.116449,0.0,16.7375,8.64816,0.0133084,0.0,0.229571,0.495739,0.00998133,0.143066,0.0,7.26934,5.89115,7.97712,19.7089,7.74065,0.796031,0.0,0.565609,0.306517,0.416746,0.0,0.0,0.0,0.0,0.0,0.0,0.0
Tamil Nadu,Krishnagiri,6,0.532483,0.0374646,0.0,1.11939,0.379598,8.65603,9.24218,0.0,0.0,0.0,0.0,0.0766604,0.079643,0.0760366,19.8711,9.54763,40.3939,15.4877,4.47509,3.05827,0.348634,1.23737,0.0,0.0036063,0.0,0.00636561,0.079643,0.0,0.583109,0.052604,0.0
Tamil Nadu,Madurai,6,1.13429,0.0,0.436374,0.33346,0.0,0.981608,8.00734,0.00845967,1.76397,1.8706,7.93902,0.383473,9.68437,2.99317,0.640194,14.4686,16.2341,1.69695,0.0219951,6.50815,1.86444,0.945398,0.430782,0.0,0.598003,0.0,0.0,0.0,0.0186113,0.0,0.0
Tamil Nadu,Nagapattinam,6,0.0,0.0,0.00339148,0.0,0.0,0.0,1.3798,0.0,0.0,0.0,0.0,0.0,0.0,0.0,0.0,3.13345,2.82681,0.0972862,1.19515,0.0,0.310861,0.845885,0.0,0.0,0.00563301,0.0,0.0,0.0,0.0,0.00207532,0.0
Tamil Nadu,Namakkal,6,14.6249,0.0,0.339209,0.0,0.945332,18.2799,12.1759,0.0,0.00958071,0.0,0.0,0.0,0.302409,0.80229,8.35401,4.36328,7.31344,19.5231,4.48787,4.45051,0.0109432,0.153205,1.59971,0.0,0.352975,0.0,0.0,0.0,0.0,0.768093,0.0
Tamil Nadu,Perambalur,6,0.0984376,0.0952932,8.00732,0.0,0.0,24.8983,1.92869,0.0,0.0,0.0,0.0,0.0,1.97133,0.0,27.2565,37.277,7.58971,1.0122,0.0989687,2.86602,0.0,0.356261,0.0,0.0,0.0,0.0,0.0,0.0,0.0,0.0,0.0
Tamil Nadu,Pudukkottai,6,0.29293,0.0,0.0,0.0,0.0,11.582,21.1797,0.449804,0.249996,0.0,2.36107,0.0,0.344942,0.0,0.703998,8.20067,16.0608,0.337731,2.31518,1.00679,0.0,3.48633,1.0198,0.0,1.22786,0.0,0.0,0.0,0.0933698,0.0216594,0.0
Tamil Nadu,Ramanathapuram,6,0.0,0.0,0.0,0.0,0.0,1.19417,7.91047,0.0,0.0,0.0,0.123342,0.0,0.00581693,0.0,0.3966,9.92788,0.20467,0.4971,1.34334,0.0703202,0.412739,0.00402292,0.00198128,0.0,0.0140878,0.0,0.0,0.0,0.00200391,0.0,0.0
Tamil Nadu,Ranipet,6,0.128047,0.482373,0.239382,0.0,0.0,0.12169,0.0,0.0234433,0.0,0.0,0.0,0.0,2.12744,0.0,2.90465,19.4522,8.2035,0.665052,0.278475,44.7667,46.9586,5.29423,0.0,0.0,1.91994,0.703484,0.0,0.170463,0.214645,19.1296,0.0
Tamil Nadu,Salem,6,7.31781,0.0,0.794434,0.00669907,0.28846,19.9838,8.93156,0.0,0.0216996,0.00351972,0.0,0.0236734,0.823033,0.598937,18.1236,10.2168,9.81403,6.64468,7.88365,2.58767,3.14531,5.16141,6.47769,0.0,0.0511291,0.0,0.0,0.0,0.0,0.088894,0.0
Tamil Nadu,Sivaganga,6,0.00280233,0.0,0.0,0.0,0.0,6.13135,14.4161,0.0836865,2.38739,0.0150965,6.89923,2.93982e-05,8.98498,0.000172714,1.77199,11.6533,18.5773,0.487248,2.1079,0.450732,1.72609,1.21209,0.0856426,0.0,3.13362,0.0,0.0,0.0,0.247872,0.0,0.0
Tamil Nadu,Tenkasi,6,0.0,0.0,0.0,0.0,0.0,0.0,0.0,0.0,0.0,0.0,0.0382495,0.0,0.0,2.10625,0.0816552,2.84178,7.15543,1.27186,1.92152,0.0572382,0.0,0.0,0.0,0.0,0.191312,0.0,0.0,0.0,0.0612209,0.0,0.0
Tamil Nadu,Thanjavur,6,0.0509341,0.0,0.00172008,0.0,0.0,15.8562,8.08409,0.0,0.0,0.0,0.000107345,0.0,0.0,0.0,0.896107,10.873,2.22438,0.818717,7.10239,0.00326625,0.00344016,4.04002,2.19423,0.0,0.0,0.0,0.0,0.0,0.0,0.209015,0.0
Tamil Nadu,The Nilgiris,6,6.89049,3.31712,6.13783,0.188887,0.290316,3.36075,3.23336,2.05414,2.19964,3.40141,9.27402,1.29283,10.3316,5.87255,5.73548,2.66464,9.19997,8.65901,6.80871,14.0097,10.6358,5.01645,5.90016,0.6231,2.90225,3.6003,3.26461,2.55484,12.4087,3.98415,0.0
Tamil Nadu,Theni,6,0.822654,0.723961,0.127917,0.457275,0.000527166,0.494673,2.15877,0.0681699,0.00575105,0.0463926,0.793624,0.135829,0.518242,0.851072,0.0,11.8098,19.9442,7.03123,0.235265,2.79731,3.01855,0.545359,0.398872,0.321718,0.681639,0.631098,0.0,0.153382,0.524647,0.375401,0.0
Tamil Nadu,Thiruvallur,6,0.00873984,0.181862,0.016023,0.0,0.0,1.58879,0.0,0.103812,0.0,0.0,0.0,0.0,0.343369,0.0,0.484048,1.39754,1.7436,0.411856,0.154115,54.6773,40.0957,24.7203,0.319206,0.0,7.8111,5.62848,0.0714666,1.29687,0.0997735,9.60849,0.0
Tamil Nadu,Thiruvarur,6,0.0,0.0,0.0,0.0,0.0,0.27157,0.507216,0.0,0.0,0.0,0.0,0.0,0.0,0.0,0.0,2.99875,2.33095,0.0388069,2.16689,0.0,0.0739687,1.07526,0.0280188,0.0,0.0,0.0,0.0,0.0,0.0,0.00655758,0.0
Tamil Nadu,Tiruchirappalli,6,1.21429,0.0,1.96287,0.324261,0.00334986,16.9064,12.9024,0.558468,0.163534,0.638864,1.69898,0.0255299,0.571868,0.0,13.3858,15.7058,5.67548,5.31304,3.40154,2.24508,0.0,2.09152,2.62811,0.0,0.303759,0.0,0.0,0.0,0.00598008,0.00123884,0.0
Tamil Nadu,Tirunelveli,6,0.00551888,0.121371,0.146747,0.0,0.0,0.0,0.0,0.115853,0.0,0.0,0.159762,0.0,0.0,0.0,0.0,0.529156,4.41151,1.06451,0.0102989,0.0,0.0643625,0.0,0.0,0.0,0.12615,0.015447,0.0,0.0,0.100117,0.025745,0.0
Tamil Nadu,Tirupathur,6,0.00210903,6.57251,0.00421805,0.0200968,0.0,9.49666,29.551,0.0,0.0,0.0,0.0,0.0,0.250013,0.0549206,13.6561,13.0331,10.9091,8.82524,0.805323,13.862,15.588,0.679057,0.0,0.0267425,0.0190445,0.0211536,0.0816631,0.0,0.581783,0.234762,0.0
Tamil Nadu,Tiruppur,6,1.39778,0.823181,0.108348,0.022961,0.00818911,6.67502,8.91922,0.0473734,0.0240803,0.0130586,0.070428,0.140278,0.765101,0.900287,1.2565,6.31747,9.99323,5.82163,5.331,0.567061,0.426496,0.275913,0.132043,0.776943,0.186079,0.212174,0.000531912,0.06265,0.22288,0.489128,0.0
Tamil Nadu,Tiruvannamalai,6,2.01559,0.082529,0.0331391,0.0,0.0,1.56584,16.4803,0.0,0.0,0.165221,0.0,0.0,0.381701,0.0,1.37141,22.9389,4.97138,0.454613,1.27139,12.8161,11.7618,0.652434,0.0383715,0.0,0.434376,0.438216,0.0,0.0444367,0.535151,3.46889,0.0
Tamil Nadu,Tuticorin,6,0.0,0.0,0.0,0.0,0.0,0.0,0.0609684,0.0,0.0,0.0,0.0,0.0,0.0,0.0,0.0613508,1.5583,0.719026,1.19516,0.884463,0.0,0.0203228,0.0,0.0,0.0,0.0,0.0,0.0,0.0,0.0,0.0,0.0
Tamil Nadu,Vellore,6,0.197013,1.34634,0.379791,0.0,0.0,8.84426,6.93866,0.0,0.0,0.0,0.0,0.0,4.10298,0.0,9.94961,13.8122,0.083243,0.264632,2.4036,22.6815,32.4918,2.58353,0.0,0.0,1.09408,1.13538,0.0,0.0,0.0,9.2361,0.0
Tamil Nadu,Villupuram,6,2.56591,0.0,0.0,0.0,0.0,0.0165347,12.0036,0.0,0.0,0.0,0.0,0.0,0.0,0.0,0.0797711,22.5544,0.703776,0.0,0.119869,6.85667,14.7559,1.84006,0.0,0.0,0.711752,0.0,0.0,0.175193,0.0140999,0.32569,0.0
Tamil Nadu,Virudhunagar,6,0.0,0.0,0.670117,0.232003,0.0,0.326031,2.35857,0.0,1.07999,0.0222721,0.7449,0.0759535,2.11211,8.662,1.29621,15.4404,14.534,4.79537,2.25161,6.57114,1.32745,0.0,0.135592,0.0,0.0,0.0,0.0,0.0,0.00141466,0.0,0.0
Tamil Nadu,Ariyalur,7,0.213062,7.75843,1.40755,0.114493,1.49428,0.0164225,0.0,0.0957977,0.0,0.0,2.95323,0.0,0.492793,2.51424,0.922,1.41479,4.29462,0.0273708,0.133668,0.071164,0.144,11.1517,13.3841,8.79635,0.0580955,56.5579,24.9312,0.552788,0.0770197,0.0,0.0
Tamil Nadu,Chengalpattu,7,8.07054,6.82253,0.187538,0.289549,0.0,0.658736,0.531611,3.00155,1.26631,0.0391282,0.317239,2.72906,0.192265,0.100098,0.0,0.0,1.744,0.38211,0.0,6.0792,2.24675,1.96498,18.0693,13.1578,0.0,2.17637,0.0,0.0,0.0973364,0.0,0.0
Tamil Nadu,Chennai,7,7.14177,2.56371,0.585991,1.75797,0.0,2.49046,1.13536,0.0,0.0,3.77232,1.31848,2.60034,1.13536,1.3551,0.0,0.0,3.07645,0.146498,0.219747,0.402869,0.476118,10.6211,0.0,1.17198,0.0,0.0,0.0,0.0,0.0,0.0,0.0
Tamil Nadu,Coimbatore,7,23.972,9.36337,14.3859,20.3528,18.8582,26.4403,18.7111,19.2323,16.9505,19.7522,31.5531,24.115,12.051,29.5289,24.8841,15.966,11.3812,9.1047,9.93881,1.67006,8.58782,7.8366,3.83675,6.68646,2.34118,0.0411978,3.76761,21.7435,9.55028,0.0,0.0
Tamil Nadu,Cuddalore,7,1.35151,15.3432,3.58225,0.43989,0.0,0.215659,0.0,1.0125,0.0,0.0,1.00876,0.0826728,0.0,0.362397,0.0,0.0,7.39772,1.72414,0.219508,0.760894,0.526841,7.32007,16.5279,9.50125,0.635446,30.7115,34.5173,5.11938,0.0,0.0,0.0
Tamil Nadu,Dharmapuri,7,4.28032,0.619478,0.0,0.0,0.0,0.0893431,0.165435,1.80223,0.0986404,1.20396,0.0578509,0.759682,0.162661,0.0206522,0.0728499,0.0435847,2.18198,0.550897,0.415721,6.76697,5.72835,51.1335,0.120526,0.312397,0.0490529,8.09171,30.462,8.16403,0.237085,0.0,0.0
Tamil Nadu,Dindigul,7,2.41804,0.0208623,0.0317218,0.256414,0.0269424,0.110288,0.057641,0.503204,0.324737,0.057641,0.595685,0.10082,0.0417247,0.482785,0.456274,0.0202429,0.0,3.43565,2.4647,1.22839,3.4967,16.9652,2.11851,1.90328,8.55102,0.897665,11.8007,13.0154,7.72215,0.0,0.0
Tamil Nadu,Erode,7,3.57726,0.719461,0.951214,1.80431,0.820026,3.0749,0.840864,1.66816,0.78685,1.61754,2.97715,1.01672,0.517804,1.17068,1.1297,0.660513,1.72584,4.58481,3.1622,0.900839,0.904998,19.2391,0.345439,1.36387,3.24136,0.75392,5.31626,30.2138,8.62808,0.0,0.0
Tamil Nadu,Kallakurichi,7,3.25425,3.05588,0.214911,0.00590664,0.0,0.0746878,0.0,0.284901,0.0,0.0,0.456923,0.150046,0.00777646,0.0,0.0,0.0,1.06715,3.12314,0.873493,0.326229,0.247962,24.9907,2.08206,0.627595,0.219049,15.2535,51.9365,8.2838,0.0466588,0.0,0.0
Tamil Nadu,Kanchipuram,7,18.7183,8.7014,0.0252527,1.44436,0.0,1.61776,2.81148,1.70461,0.334323,0.246754,0.510974,2.41689,2.3018,0.749329,0.0172283,0.0,5.38834,8.15992,0.0,15.532,5.71607,11.58,16.1641,13.6304,0.0724619,10.838,0.38159,0.0,0.366625,0.0,0.0
Tamil Nadu,Kanniyakumari,7,0.433785,0.0,0.622791,1.7409,2.96287,0.622588,0.445593,0.871027,0.922963,0.000521959,5.03328,0.0,2.70193,8.76422,5.29337,6.02389,0.0806374,0.0,0.0,0.0201593,0.54315,0.0,0.766055,0.161275,0.0,0.0,0.0,5.30276,5.12126,0.0,0.0
Tamil Nadu,Karur,7,0.404478,0.0,0.322913,0.0,0.0,0.0,0.0,0.0,0.0,0.0,0.8528,0.0,0.0,0.0,0.0,0.0,0.0,1.67093,0.0,0.00332711,3.54279,24.4144,0.0559756,0.780073,0.0,0.668882,9.45104,0.0,0.138355,0.0,0.0
Tamil Nadu,Krishnagiri,7,4.92578,2.19325,0.0543245,0.0,0.100825,0.34171,2.00055,1.04735,1.34984,1.48225,0.439129,4.49026,1.16866,0.476474,0.260115,0.0102607,12.5069,0.756504,1.32574,5.15404,25.6152,21.2942,0.178673,0.000418961,0.0125671,6.9889,11.3709,13.0221,0.000796527,0.0,0.0
Tamil Nadu,Madurai,7,0.191649,0.199588,1.93424,2.34295,0.0,0.0,0.0,0.0255456,0.0255456,0.0355306,0.0,0.0,0.0,0.0,0.0953611,0.0,0.0,8.90288,1.66143,9.68879,3.93133,26.7897,18.8165,6.46485,5.74002,16.8762,21.9047,33.5932,1.3253,0.0,0.0
Tamil Nadu,Nagapattinam,7,1.10246,2.86556,5.04701,0.0484673,0.0,0.0,0.0,0.0,0.0,0.0,0.275692,0.0,0.0,0.0723394,0.0,0.0,2.38657,0.00266827,0.0,0.133911,1.88967,1.80771,11.1906,5.74035,0.0,15.4971,3.61425,2.92106,0.687832,0.0,0.0
Tamil Nadu,Namakkal,7,5.57963,1.15189,2.07729,0.0,0.0,3.23606,0.0,5.62952,0.0,0.0603374,1.89984,0.534717,0.234182,2.19279,0.0109432,0.0,3.81949,4.48717,5.70422,1.32014,2.69239,58.6269,0.00896385,6.80244,0.222706,7.058,15.8796,5.69227,3.09637,0.0,0.0
Tamil Nadu,Perambalur,7,0.0268842,0.448608,0.136968,0.00434101,0.463196,0.0609893,0.0,0.26975,0.0,0.0,2.83556,0.0,0.152756,0.773635,0.285802,0.438558,4.72884,0.101322,0.122389,0.187805,1.35725,22.3622,8.17761,3.08358,0.170023,42.8025,28.6347,1.21035,0.0,0.0,0.0
Tamil Nadu,Pudukkottai,7,5.0274,0.00597151,0.912795,0.0,0.0279261,0.0,0.0,0.0538031,0.0,0.220522,0.0217203,0.0,0.0093087,0.0434406,0.102456,0.0248232,0.0,2.65029,0.952334,1.50208,0.105348,13.568,15.1775,11.3202,0.907031,10.6853,18.1042,0.698917,0.00481728,0.0,0.0
Tamil Nadu,Ramanathapuram,7,0.0772698,0.00904652,0.08399,0.998717,0.0,0.0,0.0,0.0130656,0.0,0.00403046,0.0,0.0,0.0,0.0,0.0,0.0,0.0,0.0,3.81276,1.88643e-05,0.0,1.18958,16.2879,8.00378,0.00204542,13.7545,16.5504,3.96956,0.0,0.0,0.0
Tamil Nadu,Ranipet,7,7.1157,17.4518,0.0,0.0750922,0.0,3.94711,0.244775,0.667658,0.0491468,1.58611,2.46923,2.10442,1.57106,1.19739,0.044673,0.0273456,8.87249,6.47431,0.120283,10.2944,13.0391,35.8382,3.22919,2.70225,3.77369,32.9373,6.28509,0.0,0.336864,0.0,0.0
Tamil Nadu,Salem,7,5.32254,0.997119,0.0109679,0.0,0.0,1.99243,0.0,6.20191,0.0,1.54744,1.6806,0.616144,0.478013,0.812315,0.611891,0.329664,2.82285,4.65922,3.42408,2.48199,2.30721,47.9219,0.142384,3.1234,0.146857,6.88263,17.2969,4.59725,3.44446,0.0,0.0
Tamil Nadu,Sivaganga,7,0.384305,1.6525,1.21088,0.660789,0.0,0.0,0.0,0.000266692,0.0,0.603542,0.0,0.0,0.0,0.0,0.224521,0.0,0.0,1.00466,3.9713,3.61658,0.00992208,3.07044,30.7917,25.7396,2.06687,24.9976,28.3042,0.662043,0.0,0.0,0.0
Tamil Nadu,Tenkasi,7,0.274167,0.277525,0.309863,0.859264,0.411463,0.0,0.595846,0.337124,0.000128721,0.0,0.563028,0.133937,0.416912,3.01814,1.68745,1.0694,0.0713995,0.258575,0.149701,0.496841,2.2835,2.3992,3.2861,0.996987,0.0,1.83649,0.867718,13.6961,3.73118,0.0,0.0
Tamil Nadu,Thanjavur,7,4.78213,0.618921,2.4512,0.00172008,0.32117,0.0,0.0,0.284038,0.0,0.0,0.308173,0.0,0.106478,0.520039,0.215505,0.294942,0.424866,0.824626,1.73628,4.37038,0.000425146,28.4259,24.6346,9.65005,0.000269068,23.5649,42.7978,2.35043,1.41999,0.0,0.0
Tamil Nadu,The Nilgiris,7,11.5454,5.51516,13.4461,7.01219,7.74787,17.2066,15.6424,18.9872,11.2979,18.216,14.923,18.5561,24.7771,38.3585,24.0667,17.4571,10.5519,15.8077,14.8948,7.92436,17.9685,14.7191,8.91099,2.69199,3.40163,0.0,12.2147,7.12913,16.8269,0.0,0.0
Tamil Nadu,Theni,7,1.48296,0.466159,2.07358,1.60439,1.37324,2.00434,1.73041,2.37971,2.15912,1.21048,3.38779,1.73167,2.03588,5.8196,3.70269,1.25502,0.255637,1.40393,1.00955,1.72041,8.60108,12.9026,11.1183,1.44608,2.49244,1.15118,7.56469,20.4167,19.0026,0.0,0.0
Tamil Nadu,Thiruvallur,7,13.7437,12.3971,1.0429,3.0826,0.0,9.4979,2.08211,0.291286,0.639393,7.81129,2.04096,5.60908,2.76251,2.68465,0.10267,0.268838,9.62163,3.73572,1.51664,3.5214,6.23783,31.645,0.701304,2.71369,0.84282,5.9721,1.95543,0.0,0.0,0.0,0.0
Tamil Nadu,Thiruvarur,7,4.6079,0.183148,2.43659,0.0,0.0,0.0,0.0,0.0,0.0,0.0,0.0,0.0,0.0,0.0,0.0,0.0,0.562993,0.0,0.0459031,1.81271,0.784816,17.5897,17.8536,8.6488,0.0,9.80158,27.6091,1.61405,3.26717,0.0,0.0
Tamil Nadu,Tiruchirappalli,7,0.460156,0.128927,0.71262,0.0,0.633572,0.471431,0.0,2.58641,0.00114838,0.0128123,1.29644,0.00837465,0.309498,1.35387,0.403965,0.599746,0.695096,2.14766,0.024722,0.651937,2.04847,38.1742,1.56872,3.54311,0.13873,7.68194,19.7574,1.0145,0.000190591,0.0,0.0
Tamil Nadu,Tirunelveli,7,0.0663642,0.00100111,0.028534,0.15547,0.0497013,0.010298,0.131152,0.123504,0.0474838,0.0,0.871814,0.23694,0.403384,1.14769,0.34561,0.677862,0.0998478,0.0,0.0,0.0876709,1.27854,0.293844,0.225341,0.020596,0.0,0.405407,0.359362,11.276,1.90981,0.0,0.0
Tamil Nadu,Tirupathur,7,3.59619,2.74074,0.0,0.00211606,0.369195,0.0526296,0.0874295,0.604823,0.979462,0.519314,0.340741,3.69992,0.326448,0.0484209,0.0,0.0,10.8583,3.4509,4.2706,22.8434,21.8136,12.574,0.0227429,0.0190445,0.00526671,8.88441,11.6938,0.794902,0.0,0.0,0.0
Tamil Nadu,Tiruppur,7,3.50984,0.375983,0.81447,1.57001,0.867449,1.63839,0.779869,3.56096,1.07604,0.737029,3.19175,1.09257,0.699249,2.32754,1.25781,0.796233,0.455701,7.19286,4.78727,0.838015,0.843405,13.2174,0.404316,0.817445,3.22405,0.495998,4.8754,11.3808,7.62458,0.0,0.0
Tamil Nadu,Tiruvannamalai,7,5.53794,9.49029,0.0828927,0.0408196,0.00433209,0.362168,0.0551452,1.00141,0.0392992,0.930168,0.608922,2.60141,0.411927,0.431642,0.0,0.0,2.70951,1.25972,1.05355,9.97283,16.3958,21.0083,6.40408,2.59592,0.554292,21.9778,21.7907,1.24663,0.515313,0.0,0.0
Tamil Nadu,Tuticorin,7,0.0,0.0,0.0,0.637531,0.0,0.0,0.0,0.0,0.0,0.0,0.0,0.0479852,0.0,0.0684397,0.000857301,0.000685841,0.00329473,0.194277,0.379537,0.0,2.49614,2.98024,5.17181,0.779111,0.0,7.32456,3.21077,8.30445,0.0176244,0.0,0.0
Tamil Nadu,Vellore,7,2.25172,7.63301,0.0,0.114147,0.635889,1.7295,0.0261146,0.0773635,0.0505257,1.22452,4.56606,1.90503,0.199757,1.02181,0.0,0.0,9.44933,8.1845,3.29708,11.1986,18.7693,10.3486,1.31467,1.03205,2.49621,18.6785,2.46607,0.126225,0.0,0.0,0.0
Tamil Nadu,Villupuram,7,2.04012,23.0004,2.95612,0.0,0.0,0.22138,0.0,0.500031,0.0,0.0159031,0.00131226,7.44271,0.0,0.00641655,0.0,0.0,2.42814,1.13968,0.230539,1.00655,2.24792,17.668,3.62289,4.69762,0.0,19.5893,1.14933,0.339622,0.0220699,0.0,0.0
Tamil Nadu,Virudhunagar,7,0.0175815,0.0,0.327471,4.77759,0.0,0.0,0.0121035,0.0121035,0.0,0.0,0.0,0.0,0.00141466,0.00389032,0.00141466,0.00247566,0.0,2.69775,2.67143,3.08872,3.9238,11.8533,18.2617,5.88857,0.133337,18.5064,6.70581,16.3244,0.00923688,0.0,0.0
Tamil Nadu,Ariyalur,8,0.987874,7.75226,3.69306,3.10889,3.08738,0.0,1.93318,5.41322,6.76632,1.35335,1.73894,0.00113088,0.0,0.0,0.00192637,0.0,0.00164627,0.123819,3.43325,0.571573,0.727791,1.72545,7.61201,35.2231,0.392245,3.48639,4.18008,2.10133,1.50784,29.7877,0.831203
Tamil Nadu,Chengalpattu,8,1.50449,0.944007,1.18681,1.42126,6.80175,1.73548,0.0110779,0.0020443,0.0284705,0.0,0.0,0.0,0.0,0.328762,0.00220967,0.000278441,0.789052,4.03187,1.03713,1.09332,0.7185,3.86304,15.4079,2.50782,0.505024,1.14206,2.54668,4.35247,2.70707,1.9899,1.12667
Tamil Nadu,Chennai,8,0.0,0.0,1.23772,0.975869,5.65217,0.250032,0.0,0.247447,0.099123,0.0,0.0,0.0,0.0,0.0,0.0,0.0,0.0,0.0631219,0.288009,0.427213,0.441613,1.12803,1.95918,0.0,2.20663,0.802127,0.0871088,0.819865,8.47778,5.41744,0.0
Tamil Nadu,Coimbatore,8,11.8986,21.6552,8.23944,23.7627,28.4198,0.667515,7.46139,12.9366,16.4345,4.94243,1.91641,8.6568,1.4658,0.133057,0.297566,0.0,0.0157938,0.563174,5.45024,2.5152,2.28475,4.04512,13.2282,4.27108,2.69869,49.6712,4.85729,6.72651,5.62435,12.7422,25.4638
Tamil Nadu,Cuddalore,8,4.24907,4.3912,0.177136,8.47753,5.80717,0.0105391,0.00667803,0.00302761,6.71374e-05,0.0129825,0.0,0.00142385,0.147479,0.0,0.000453817,0.000111291,1.87688,9.53459,3.63374,1.11964,1.52093,2.43594,10.2474,25.0696,0.000915357,5.37921,9.48006,5.48483,11.5132,7.63121,3.33534
Tamil Nadu,Dharmapuri,8,14.4224,28.1845,23.6722,9.80756,20.3151,0.489919,0.548139,1.41673,1.16921,3.43664e-05,0.000764838,0.000297555,0.0,0.0,0.172148,0.00856247,1.54074,1.11715,1.06633,0.935097,3.71238,4.5139,3.59886,12.8628,9.42557,44.8514,6.3861,6.26741,24.9445,2.75951,0.924433
Tamil Nadu,Dindigul,8,22.7708,5.24382,3.12374,8.35312,9.52763,0.0105588,0.533988,0.483557,0.63628,0.142521,0.0716431,0.00125232,0.0,0.0,0.0812692,0.00615408,0.00060557,3.19163,5.35303,3.48426,1.42021,4.03141,9.87713,2.85598,0.67481,55.0883,2.59774,5.27811,8.57437,14.3353,35.4164
Tamil Nadu,Erode,8,26.4078,24.9235,11.802,8.04723,22.6773,0.285069,2.90538,3.34807,4.26967,1.95846,0.42995,0.674817,0.284609,0.155041,0.36829,0.000466105,1.30877,0.524002,3.16783,1.52473,3.48688,4.03446,12.7417,5.5429,11.9499,47.206,1.82326,4.00868,32.3877,16.0988,12.7999
Tamil Nadu,Kallakurichi,8,21.4975,3.9171,1.25439,5.71416,12.4412,0.655278,0.183648,0.0943804,0.00649843,0.393213,0.0,0.0335865,0.0,0.0,0.0391097,0.00452553,3.30987,1.35694,1.72567,0.245948,2.1999,2.28399,2.06315,14.6004,0.0937382,29.767,7.15818,3.68491,14.3875,2.33476,0.356218
Tamil Nadu,Kanchipuram,8,0.158653,0.210509,3.30162,1.4942,0.603404,1.46385,0.0408188,0.00820037,0.000475363,0.0,0.0,0.0,0.000419619,2.03758,0.000950727,0.00352168,4.91812,7.72872,1.0722,0.794217,0.905694,3.50448,39.4249,9.77401,1.48789,13.7552,19.0078,13.7685,2.75692,7.10696,0.205665
Tamil Nadu,Kanniyakumari,8,9.91041,41.1423,13.6913,10.1027,5.77821,0.969673,0.276618,7.60739,1.728,0.366739,0.254368,0.0014856,0.0,0.0,0.00427221,0.0,0.0128076,0.00932465,0.724777,0.210559,0.141322,0.984537,2.78635,2.40526,0.142918,1.47039,2.23195,0.611882,0.237915,0.649959,7.20526
Tamil Nadu,Karur,8,18.1813,9.55772,0.696062,0.810662,4.12252,0.0,0.174378,0.114621,0.1013,0.17745,0.00245508,0.0767599,0.000870039,0.000158189,0.0183506,0.0,1.38815,2.02014,3.25858,0.180107,0.558947,1.96215,0.64177,0.976173,0.161019,30.4877,0.758536,4.98302,13.9975,1.31798,2.96431
Tamil Nadu,Krishnagiri,8,20.6821,29.0031,24.4422,19.2561,13.6978,2.62911,2.30164,2.18073,0.356889,0.0650309,0.00103722,0.00435804,0.0,0.0,0.0738277,0.0169431,1.16762,0.474954,1.78474,0.691972,3.01265,3.57344,9.24718,6.90462,17.9165,28.616,19.8732,30.8643,34.4157,33.1589,5.46394
Tamil Nadu,Madurai,8,53.4329,0.913378,1.13943,1.73362,2.03731,0.0,0.00146724,0.0,0.000261057,0.0,0.105241,1.43438e-05,0.0,0.0,0.0202894,0.000747572,1.72126e-05,5.95596,4.67035,2.19194,0.461047,2.64071,4.73464,1.48121,0.134533,50.3999,2.26728,10.5132,10.1913,12.6274,22.1518
Tamil Nadu,Nagapattinam,8,0.216506,2.18262,0.120948,8.60489,4.34067,0.0,0.00243089,0.0,0.0,0.0,0.000486178,0.00230553,0.000926534,0.0,0.00243492,0.0,0.984893,0.00388324,5.61875,3.0617,1.78757,3.24093,30.8443,19.8022,0.00372736,0.907979,5.28944,2.67145,1.11123,0.986128,0.120422
Tamil Nadu,Namakkal,8,25.353,8.86427,2.59725,0.997809,13.0791,0.361101,0.0558143,0.260752,0.04735,0.0100274,0.0040608,0.00489463,1.02234e-05,1.8588e-06,0.0212323,0.000288885,0.225014,6.98619,4.45562,1.16728,2.88329,4.57079,16.4039,17.7535,4.61486,38.6718,2.2068,3.14696,69.6033,5.75527,1.29477
Tamil Nadu,Perambalur,8,8.66278,8.48908,1.59475,6.81115,2.47018,0.0634731,0.135529,0.000764289,0.0,2.03489e-05,0.0,0.00233057,0.0,0.0,0.033091,2.03489e-05,0.0968291,3.48223,2.52812,0.449691,1.09547,2.25206,6.02389,24.3824,0.191816,12.7846,6.32105,13.3492,19.0346,4.45293,3.14624
Tamil Nadu,Pudukkottai,8,1.63564,2.60276,9.84902,2.79913,3.53689,0.0,0.00297702,0.00827889,0.0103472,0.0020683,0.183021,1.41859e-05,0.0,0.0,0.00550789,0.0,4.41867e-05,10.6117,3.16801,1.4298,0.98284,3.53578,19.2606,11.4404,0.0314174,19.6444,4.84021,1.95785,7.98054,6.77248,1.97798
Tamil Nadu,Ramanathapuram,8,0.0948287,1.85983,0.261283,2.39565,0.153727,0.00315457,0.0,0.0,0.0,0.0,0.000627908,0.0,0.0,0.0,0.00376857,0.0,1.01942e-05,0.0364727,1.1666,0.316531,0.451738,3.85197,3.57116,1.89176,0.198483,2.12635,1.40779,1.5623,0.570457,2.43681,8.06542
Tamil Nadu,Ranipet,8,13.2341,22.7973,16.6926,3.9339,7.80319,2.51292,2.65145,0.262171,0.020159,0.0,0.0,0.00020713,0.000818775,0.60873,0.00734269,0.565613,2.21755,11.5803,1.18772,0.158906,0.690091,1.65565,10.2028,7.3525,17.5003,45.1822,30.3633,21.1266,5.9342,5.09653,0.000554665
Tamil Nadu,Salem,8,8.61132,26.7362,8.09198,3.04472,15.9944,2.38987,0.707121,4.44826,0.83863,0.0,0.00824391,0.00396294,0.0,0.0,0.103916,0.00141959,0.613332,1.8647,2.64075,1.49085,3.86936,5.56218,5.67276,15.1458,6.13841,37.4392,6.11039,4.78634,29.6011,7.47325,3.55938
Tamil Nadu,Sivaganga,8,14.3131,1.91147,4.51088,2.84833,1.65012,0.0,0.0,0.0,0.0,0.0,0.497928,0.0,0.0,0.0,0.00796729,0.0,0.0,1.60812,2.15282,1.44629,0.509942,4.23271,19.3784,5.43241,0.0316497,23.2142,3.74381,2.29893,13.4707,18.9622,10.9353
Tamil Nadu,Tenkasi,8,8.29395,6.41173,5.22705,7.18024,6.75304,0.0687851,1.2552,2.04749,1.54926,1.52403,0.280634,0.000367645,0.0,0.0,0.29729,0.000708823,0.0012124,0.550301,2.13192,0.604346,0.308929,2.33349,2.36682,7.60431,2.44358,8.00032,9.14695,2.79043,1.53957,12.4749,8.76664
Tamil Nadu,Thanjavur,8,4.68638,2.01429,2.96833,9.84711,2.80736,0.0,0.984855,2.75774,3.447,0.689339,0.888386,0.00203334,0.0,0.0,0.00453827,0.0,0.0363696,1.34881,3.70445,1.09002,1.28696,2.60835,13.4621,30.5543,0.261219,4.63487,3.05224,0.739716,5.92939,6.17743,8.30933
Tamil Nadu,The Nilgiris,8,16.5467,31.5858,5.58447,12.0647,49.4359,0.582159,9.40957,21.764,14.6781,11.4249,18.2336,20.5293,0.588613,0.474993,0.64542,0.0172586,0.00752096,0.301645,10.6713,4.77016,5.71382,5.84055,13.2892,4.28046,9.48132,43.7446,5.85591,10.952,16.344,12.2022,24.181
Tamil Nadu,Theni,8,30.4928,5.8303,14.7384,11.6613,29.8129,0.0,7.74248,1.90411,16.8659,3.14329,1.99264,1.04056,0.0336066,0.0177887,0.103893,0.00512169,0.423016,2.774,7.87268,8.24111,2.3241,6.66819,11.2464,13.8012,3.80458,26.636,9.28254,12.3905,5.41511,9.8875,42.0028
Tamil Nadu,Thiruvallur,8,0.411478,1.56934,13.3928,2.70704,12.0376,0.760944,0.429282,2.78599,0.418692,0.0,0.00161912,0.0,0.246504,0.699564,0.0597209,0.646781,3.89216,8.01533,0.814804,0.784092,1.21675,3.01878,4.40522,6.19449,2.22759,13.1049,12.3102,14.9242,9.5874,5.25299,0.0597373
Tamil Nadu,Thiruvarur,8,4.76246,0.413864,5.89176,14.0307,3.83774,0.0,0.207404,0.5769,0.721059,0.144168,0.186836,0.00194551,0.0,0.0,0.00306261,0.0,0.525172,0.0446184,5.16609,2.0395,1.59897,3.03156,22.0351,38.4244,0.0432608,2.03961,2.95594,1.39551,19.1275,8.17915,4.93479
Tamil Nadu,Tiruchirappalli,8,14.4537,10.7412,1.87958,1.44046,2.31809,0.0368349,0.0055585,0.00226958,0.000244509,0.0,0.050254,6.9e-05,0.0,0.0,0.0652515,0.0,0.00496287,9.1924,4.06929,0.457939,0.728764,2.29418,4.20539,7.22761,0.889183,37.1524,2.65903,4.44893,14.6056,6.60186,4.2641
Tamil Nadu,Tirunelveli,8,9.82054,10.0684,0.633386,3.30303,5.32331,0.368165,0.121683,1.47435,0.843702,0.155051,0.046053,0.000173514,0.0,0.0,0.0450391,0.0,0.0227072,0.0360907,0.859634,0.139077,0.108948,0.715423,0.617668,2.63436,1.28167,6.19775,1.45304,0.547033,1.11646,10.6759,5.84392
Tamil Nadu,Tirupathur,8,26.8015,22.7074,12.6471,9.9837,5.12285,4.76312,2.19247,3.19422,0.0277783,0.0,0.0,0.00052916,0.0,0.00285388,0.00676578,0.00099313,3.57791,17.2634,1.13109,0.041783,1.61498,1.07738,2.82844,8.30592,14.4204,23.9547,17.2043,12.6666,28.7215,13.7784,0.0548472
Tamil Nadu,Tiruppur,8,22.2523,11.8915,6.20355,12.2183,17.6956,0.258528,5.39216,6.17177,7.15766,2.72007,0.519254,1.1166,0.556743,0.119895,0.148629,0.0,1.19078,0.3113,3.27423,1.14451,0.733287,1.957,7.70388,2.49921,2.25329,34.9453,2.06659,3.96119,6.50335,14.2352,16.502
Tamil Nadu,Tiruvannamalai,8,5.36287,18.8956,14.9634,7.82129,23.7259,2.85969,1.38426,0.655746,0.180201,0.0717348,0.000336181,0.0166689,0.0,0.00502939,0.0237878,0.0294104,9.21918,8.73808,1.3029,0.204475,1.12741,1.58306,11.4006,36.1783,7.08092,26.2357,8.30127,18.5499,10.5072,9.24179,1.10698
Tamil Nadu,Tuticorin,8,3.34598,2.76172,1.40305,0.611809,0.790945,0.170941,0.00496331,0.0103319,0.0112592,0.00721379,0.0083928,0.0,0.0,0.0,0.0121981,0.000349758,0.0,0.0261285,1.15142,0.0280345,0.0350827,0.659134,0.220199,1.99469,0.140424,4.00053,1.3039,3.02213,3.09729,11.104,13.6035
Tamil Nadu,Vellore,8,18.2253,48.4174,11.105,9.93074,6.40127,6.04963,3.309,1.39849,0.234533,0.0,0.0,0.000448531,0.0,0.152455,0.039861,0.433076,0.154637,13.9376,1.63067,0.0332676,1.12864,0.907829,9.8297,5.20706,4.26443,38.0105,20.6048,9.97964,10.2922,12.0282,0.0018094
Tamil Nadu,Villupuram,8,6.5217,6.26175,5.94252,3.04114,7.90418,0.724597,0.350201,0.0538976,0.073467,1.06654,0.000612876,0.0,0.000769549,7.31158e-05,0.0108709,5.5795e-06,2.64701,2.65235,2.1232,0.624549,1.17661,2.54802,6.40926,31.7588,0.768894,16.4479,3.35022,11.5092,2.22536,0.256331,2.44717
Tamil Nadu,Virudhunagar,8,13.5214,6.10406,3.44655,3.05508,1.53909,0.0,0.00660425,0.0137682,0.00905221,0.0296917,0.0237272,0.000497374,0.0,0.0,0.0381196,0.000898757,0.00599818,2.79216,3.19291,0.867164,0.172702,1.90857,0.402676,1.99909,1.46215,11.2338,5.17814,4.45593,2.84536,22.341,22.8638
Tamil Nadu,Ariyalur,9,10.6171,9.39924,0.0201943,0.00699376,1.32705,0.0763232,9.97585,0.106442,0.774861,2.2284e-05,0.386672,0.000238849,0.0,0.000105936,0.109224,0.0657242,0.0,0.000119424,3.96626,0.0,0.000491121,0.0,0.0,1.3922,15.6761,18.9054,35.6302,0.0,0.0,0.0,0.0
Tamil Nadu,Chengalpattu,9,17.2968,11.8079,0.0,0.0488205,0.724851,0.00525303,0.0836295,5.69934,0.268594,0.0117458,0.0535492,0.0,0.0,0.0,0.00239355,0.0107737,0.00342277,3.63558,0.16944,0.00624577,0.000851833,0.0,0.000176619,0.0,0.0,0.0256423,0.148056,0.0,0.0,0.0,0.0
Tamil Nadu,Chennai,9,0.0,5.51585,0.0,0.000480015,0.0,0.0,0.0,0.485775,0.708021,2.6108,0.66602,0.0,0.0,0.0,0.0,0.00360011,3.26434,0.0,0.0,2.15094,0.0,0.0,0.0,0.0,0.0,0.0376811,0.0391212,0.0,0.0,0.0,0.0
Tamil Nadu,Coimbatore,9,14.7858,18.5332,2.72514,2.15791,9.31445,15.4624,5.15338,8.77589,8.02998,10.5864,8.89304,5.85943,3.21547,0.700068,1.12633,0.00175889,0.0151157,0.597585,2.22707,0.614869,0.129019,0.00287393,0.0,0.0,0.255786,2.24646,0.0714638,0.0,0.0,0.0,0.0
Tamil Nadu,Cuddalore,9,15.474,24.5577,0.0137514,0.000500919,6.23412,0.00500873,12.1402,13.3565,0.0113701,6.527e-07,0.00080496,0.0,0.000134275,0.0,5.11425,4.17279,0.0,0.000641416,0.162593,9.184e-07,0.00127988,0.0,0.0,0.0468925,2.10742,11.8111,4.89581,0.0,0.0,0.0,0.0
Tamil Nadu,Dharmapuri,9,4.59406,11.1289,0.175413,12.3185,25.3026,10.8287,11.1166,8.80762,0.011248,3.1537,0.0311203,0.0,0.0,0.0,0.370714,0.29923,8.1559e-06,0.000112509,0.00696079,0.00684374,0.111689,0.0,0.000150194,0.0,0.388317,0.788953,5.11807,0.0,0.0,0.0,0.0
Tamil Nadu,Dindigul,9,12.3262,9.00384,4.74244,3.74324,25.5771,19.7629,6.0564,4.20538,0.0914893,0.000237469,0.000207157,0.0,0.0,2.43653,3.03784,0.00813632,0.175467,0.0,0.845986,0.0565068,0.0139592,0.0200783,0.0,0.00183817,0.00419787,3.85968,0.823434,0.0,0.0,0.0,0.0
Tamil Nadu,Erode,9,8.33348,18.2858,1.75263,1.13745,20.0824,10.0801,5.53744,5.97447,4.31743,3.04836,2.43776,1.4097,1.23203,0.379363,1.24244,0.018475,0.0829908,0.913404,1.22046,0.53702,0.0549006,0.00641706,0.0,0.0,0.132898,2.53681,0.456445,0.0,0.0,0.0,0.0
Tamil Nadu,Kallakurichi,9,4.39176,24.1982,0.0141357,0.0231815,4.03797,0.315119,13.1659,13.5434,0.0129089,0.0,0.0601365,0.0,0.00166286,0.0,8.53313,0.0200551,0.0,2.531e-07,0.000335134,2.2497e-05,0.0594401,0.0,1.266e-07,0.0,1.52683,14.4371,2.53978,0.0,0.0,0.0,0.0
Tamil Nadu,Kanchipuram,9,11.3777,12.9662,0.0,0.00375046,0.422794,0.00265207,2.59123,6.42295,2.20357,0.111052,0.0506125,0.00393298,0.0,0.0,0.120774,0.000419619,0.0361641,4.35887,3.40258,0.171222,0.00113942,0.0,0.000139873,0.0,0.0,0.000309469,5.78817,0.0,0.0,0.0,0.0
Tamil Nadu,Kanniyakumari,9,5.71982,11.9014,5.81873,17.6227,15.5638,1.85478,3.40635,2.06329,2.55761,0.702934,1.04506,1.71703,0.54526,0.00659108,1.52068,0.0,0.00167069,2.06109,2.02863,1.7547e-06,0.00204227,0.12672,0.0,0.0,0.0,0.0121742,0.0130564,0.0,0.0,0.0,0.0
Tamil Nadu,Karur,9,3.63193,4.67893,6.56899,1.51012,6.00476,14.8462,0.187669,0.338993,0.124032,0.0841385,0.00688122,0.00408819,0.00363835,0.0776525,0.144231,0.000303107,0.0,0.000158189,0.0116509,0.0134181,0.00287464,0.0,0.0,0.0,0.0135358,7.02764,1.28504,0.0,0.0,0.0,0.0
Tamil Nadu,Krishnagiri,9,1.37125,8.63899,0.476993,10.2415,24.3782,22.605,18.0103,6.61159,0.0851829,1.26907,0.364242,0.00103096,0.0,0.02759,0.0477917,0.0383192,0.000208017,0.0,0.334017,0.0,0.0527887,0.0,0.000939618,0.0,0.0244741,0.125078,2.54928,0.0,0.0,0.0,0.0
Tamil Nadu,Madurai,9,7.62399,0.888982,3.03341,5.00809,23.3566,2.35219,9.59628,1.88766,0.000214791,9.75378e-05,9.4669e-05,8.89315e-05,1.1475e-05,0.00629258,9.90497,0.259118,0.0034085,0.00882206,5.40518,0.00215028,0.00210197,0.00010894,0.0,0.0,0.0329513,4.21948,0.0619061,0.0,0.0,0.0,0.0
Tamil Nadu,Nagapattinam,9,31.6786,9.08449,1.62652,0.0488046,0.644148,9.48398,0.300829,4.76488,0.0456947,0.0,0.000787735,0.0,0.0,0.0,0.000455995,0.00196129,0.0,0.0256772,0.11689,0.452853,0.00278252,0.0,0.0,0.00491406,5.74237,28.0373,13.6374,0.0,0.0,0.0,0.0
Tamil Nadu,Namakkal,9,13.3948,25.9221,11.7371,0.397973,12.5201,6.16404,1.86195,3.69314,0.0170843,0.0167451,0.0865219,4.647e-05,4.27524e-05,0.0,0.0269763,0.261614,0.0422336,0.000676596,0.99006,0.0274218,0.0267875,0.0,0.0,0.0,0.0726663,7.94338,0.0801409,0.0,0.0,0.0,0.0
Tamil Nadu,Perambalur,9,11.8734,7.20239,0.0864405,0.261799,18.142,2.28005,4.99723,4.1839,0.0964966,0.000804758,0.0,3.25117e-05,0.0,0.000417955,1.91228,0.0137715,0.0,1.62559e-05,0.486901,0.00261089,0.0181079,0.0,0.0,0.0999038,1.20721,30.3723,6.88596,0.0,0.0,0.0,0.0
Tamil Nadu,Pudukkottai,9,10.0571,5.77187,0.0289455,0.25487,22.9609,3.07479,16.4722,5.39081,0.00125971,0.0,0.000590133,0.275585,0.0,0.055518,0.123007,0.000204418,0.0,4.53949e-05,6.81224,0.139018,0.00142675,0.0,2.83801e-05,8.68128e-05,0.121234,15.1888,0.183188,0.0,0.0,0.0,0.0
Tamil Nadu,Ramanathapuram,9,3.66588,4.52597,1.59915,0.000110377,1.20606,2.07706,0.326147,0.183635,0.0,0.0,0.0,0.0,0.0,0.0,0.861482,0.320434,0.026334,0.00835288,1.55967,0.0,0.382645,0.0,0.000463492,0.0,0.0,0.112073,0.724295,0.0,0.0,0.0,0.0
Tamil Nadu,Ranipet,9,7.97511,18.2696,0.0,0.0134377,9.92205,1.55856,13.5958,16.5865,1.46955,2.47257,0.0587609,0.00640039,0.0,0.000868306,0.852433,0.0018482,6.8353,4.33957,1.37489,1.22449,0.0869353,0.0,0.000149101,0.0,0.0,0.0307792,10.6729,0.0,0.0,0.0,0.0
Tamil Nadu,Salem,9,22.7609,9.18791,1.33763,0.630463,26.7814,11.1833,6.98216,27.6625,0.171712,0.0183293,0.459406,0.0,0.0,7.0812e-06,0.479388,4.57175,0.0763725,0.00182048,0.362286,0.0167068,0.0422234,0.0,0.0,0.0,0.222735,3.69366,0.599071,0.0,0.0,0.0,0.0
Tamil Nadu,Sivaganga,9,15.9756,4.7113,5.40252,0.0264629,18.751,0.568619,19.2666,1.04178,2.7528e-06,0.0,0.0,0.0,0.0,0.000159662,1.13423,0.906964,0.0120325,7.52867e-05,8.35933,2.7528e-06,0.00446904,0.0,3.34507e-05,0.0,0.00385941,0.855953,0.0760985,0.0,0.0,0.0,0.0
Tamil Nadu,Tenkasi,9,5.21047,4.6517,0.336153,2.62635,3.05785,15.18,1.02294,1.09681,0.676209,0.767765,0.0351474,0.07026,0.07221,0.0016544,1.64647,0.0764891,0.00503377,0.97321,1.21401,0.0,0.000341991,0.0,0.0,0.0,0.00588555,2.52262,0.151942,0.0,0.0,0.0,0.0
Tamil Nadu,Thanjavur,9,12.2629,6.88177,0.489684,0.0013382,10.418,6.96035,6.08574,9.75527,0.400909,0.0,0.196887,0.00568881,0.0,0.0217226,0.00642122,0.00122597,0.0,0.00418566,0.252444,0.00647578,0.00061169,0.0,0.000103125,0.0266403,1.9843,52.9135,23.3407,0.0,0.0,0.0,0.0
Tamil Nadu,The Nilgiris,9,9.77239,9.5179,1.9271,1.79478,21.6116,2.68787,13.7381,9.58759,3.04407,4.17062,10.3693,3.17409,5.99907,2.60686,13.3873,0.107141,0.0365659,1.1175,4.71401,0.689929,0.470131,0.0037898,0.0,0.000196418,0.310221,10.1796,0.132802,0.0,0.0,0.0,0.0
Tamil Nadu,Theni,9,18.3139,6.8517,9.98727,1.14869,24.7088,27.4576,5.63718,12.6089,7.97523,8.7688,5.6071,5.52045,0.848897,0.174254,1.71165,0.000941726,0.104599,0.115379,1.85347,0.0262353,0.00506702,0.0108289,0.0,4.55152e-05,0.00116503,0.505474,0.162352,0.0,0.0,0.0,0.0
Tamil Nadu,Thiruvallur,9,4.20312,24.451,0.0,0.00531117,0.0822765,1.56825,6.2026,2.74487,4.53054,5.75019,2.17881,0.00838807,0.0,0.00408427,3.64066,0.181911,11.3048,1.69194,0.0866242,5.24446,0.098711,0.0,0.0416081,0.0,0.0,0.11391,1.14591,0.0,0.0,0.0,0.0
Tamil Nadu,Thiruvarur,9,16.7025,6.76689,2.29162,0.0268021,1.77444,8.10378,2.5489,8.26983,0.0857154,0.0,0.0411567,0.00286091,0.0,0.0,3.66866e-05,0.000264869,0.0,0.0153995,0.0668953,0.259484,0.000439017,0.0,0.0,0.00270792,3.96954,35.9606,20.2724,0.0,0.0,0.0,0.0
Tamil Nadu,Tiruchirappalli,9,5.17493,8.425,0.578192,1.49297,15.2442,10.8225,1.44523,4.38924,0.0180712,6.9e-05,0.000367114,0.000617626,0.0,0.128792,0.885,0.00263642,0.0,4.77557e-05,0.159084,0.00876099,0.0124287,0.0,0.0,0.000249093,0.0804085,26.6101,5.5516,0.0,0.0,0.0,0.0
Tamil Nadu,Tirunelveli,9,2.79988,4.34084,0.608968,4.94877,6.46818,5.75118,0.218181,1.16767,0.31183,0.0851594,0.0391523,0.0475819,0.0592549,0.0019712,0.246868,0.0130225,0.00262256,0.240992,0.237716,0.0,0.00743115,0.0148151,0.0,0.0,0.0,0.96178,0.434203,0.0,0.0,0.0,0.0
Tamil Nadu,Tirupathur,9,0.662337,9.22696,9.75349e-05,2.95438,12.5707,1.90537,24.6261,8.12825,0.127509,0.0500856,0.0017315,0.000201802,0.0,0.0,0.275475,0.00060156,0.00199051,9.86563e-05,0.229299,1.21093e-05,0.000422843,0.0,0.0,0.0,5.85167e-05,0.230313,3.75653,0.0,0.0,0.0,0.0
Tamil Nadu,Tiruppur,9,5.60558,31.0004,5.01758,1.89402,11.3422,13.5542,3.04518,3.34981,4.28853,5.89175,4.42775,2.62848,2.28169,0.424649,0.476766,8.81732e-05,0.0,0.113175,1.21272,0.997642,0.018977,0.0240665,0.0,0.0,0.00925812,2.71591,0.293369,0.0,0.0,0.0,0.0
Tamil Nadu,Tiruvannamalai,9,10.8316,16.9717,0.000756211,3.97511,12.533,2.66936,7.58458,11.6196,0.661738,0.789221,0.366155,7.57096e-05,0.100393,0.0,0.229297,0.000414114,2.68139,0.262254,0.253032,0.581828,0.0419493,0.0,0.00168415,0.0,0.0495125,0.443533,3.4409,0.0,0.0,0.0,0.0
Tamil Nadu,Tuticorin,9,9.52698,3.53948,4.06579,1.96262,0.692571,1.06448,0.015879,0.215054,0.0,0.0,2.781e-06,0.0,0.0,0.0,3.81186,0.0945169,0.00216413,2.02797,2.35173,0.0,0.00639617,0.0,0.00047304,0.00145992,0.00426705,1.84998,2.4372,0.0,0.0,0.0,0.0
Tamil Nadu,Vellore,9,6.38771,16.7267,0.0,0.00615388,9.97645,4.70562,15.196,9.1536,2.89974,0.667038,0.0162792,0.000340815,0.0,0.00148868,0.0387823,0.00679752,2.35565,0.38181,0.236669,0.217997,0.172885,0.0,0.0,0.0,0.0,0.00114346,10.7352,0.0,0.0,0.0,0.0
Tamil Nadu,Villupuram,9,11.012,18.2479,0.0,0.183381,10.4044,0.0340368,18.3457,28.0263,0.787255,0.0,0.488159,0.0,1.6417,0.0,0.052184,0.012646,0.0,0.0165611,0.0890844,0.0,0.0135639,0.0,0.00036457,0.0,0.152681,7.65416,0.313796,0.0,0.0,0.0,0.0
Tamil Nadu,Virudhunagar,9,9.27011,4.95133,7.17227,2.8388,17.9071,5.34854,2.99253,0.560778,0.00530724,0.00579095,0.00330803,0.00323585,0.000626102,0.0,8.13122,1.3683,0.00612477,2.18919,9.15739,5.94055e-05,0.00408568,0.0,9.81772e-05,0.00122374,0.0136225,9.09483,0.066898,0.0,0.0,0.0,0.0
Tamil Nadu,Ariyalur,10,0.0410562,0.0,0.492793,0.0,0.0,1.91249,0.0,0.0,9.28524,11.1672,1.67249,4.12939,5.99497,0.0,0.0,0.0,0.0,0.0,0.0,0.0,0.0,0.0,0.0,0.0,0.0,0.0,0.0,0.0,0.0,0.0,0.0
Tamil Nadu,Chengalpattu,10,2.51706,0.75068,0.0,0.0,0.0,16.9231,12.9485,0.787419,2.59117,19.0096,0.209226,1.94712,0.0234769,0.0,0.0,0.0,0.0,0.0,0.0,0.0,0.0,0.0,0.0,0.0,0.0,0.0,0.0,0.0,0.0,0.0,0.0
Tamil Nadu,Chennai,10,1.24523,0.0,0.0,0.0,0.0,3.47932,8.60674,1.06211,8.82649,9.15611,0.695864,1.17198,1.09873,0.0,0.0,0.0,0.0,0.0,0.0,0.0,0.0,0.0,0.0,0.0,0.0,0.0,0.0,0.0,0.0,0.0,0.0
Tamil Nadu,Coimbatore,10,0.704304,0.731631,2.70914,1.74423,2.14853,2.05824,0.634903,0.0,2.22883,16.3392,11.518,19.0132,4.04834,0.0,0.0,0.0,0.0,0.0,0.0,0.0,0.0,0.0,0.0,0.0,0.0,0.0,0.0,0.0,0.0,0.0,0.0
Tamil Nadu,Cuddalore,10,1.36364,0.0273455,0.0,0.0,0.0381192,0.918913,0.0637673,0.60611,3.11581,13.8321,5.7419,0.854455,3.94601,0.0,0.0,0.0,0.0,0.0,0.0,0.0,0.0,0.0,0.0,0.0,0.0,0.0,0.0,0.0,0.0,0.0,0.0
Tamil Nadu,Dharmapuri,10,4.21897,2.80042,0.0,0.0,0.362371,7.74672,0.495274,5.24511,7.95774,11.3088,3.82247,15.2749,5.21201,0.0,0.0,0.0,0.0,0.0,0.0,0.0,0.0,0.0,0.0,0.0,0.0,0.0,0.0,0.0,0.0,0.0,0.0
Tamil Nadu,Dindigul,10,0.0,0.0,5.81895,1.75125,0.0749936,0.0,0.0,0.413717,1.91673,30.8881,23.1579,13.9941,14.1838,0.0,0.0,0.0,0.0,0.0,0.0,0.0,0.0,0.0,0.0,0.0,0.0,0.0,0.0,0.0,0.0,0.0,0.0
Tamil Nadu,Erode,10,0.23154,0.327119,5.3104,0.103157,3.16507,5.20969,0.330316,0.0,0.350308,49.3564,26.6956,11.8766,2.28798,0.0,0.0,0.0,0.0,0.0,0.0,0.0,0.0,0.0,0.0,0.0,0.0,0.0,0.0,0.0,0.0,0.0,0.0
Tamil Nadu,Kallakkurichi,10,2.17605,0.67482,0.0,0.0,0.0105444,0.278194,0.495709,0.18932,10.2945,24.0218,7.68375,2.07736,0.0,0.0,0.0,0.0,0.0,0.0,0.0,0.0,0.0,0.0,0.0,0.0,0.0,0.0,0.0,0.0,0.0,0.0,0.0
Tamil Nadu,Kanchipuram,10,2.33693,0.277792,0.0,0.0,0.0,22.8276,23.3302,3.37528,7.8221,20.3694,0.883935,3.64965,0.237708,0.0,0.0,0.0,0.0,0.0,0.0,0.0,0.0,0.0,0.0,0.0,0.0,0.0,0.0,0.0,0.0,0.0,0.0
Tamil Nadu,Kanyakumari,10,0.37755,0.0206813,3.64791,0.141193,0.0,0.465753,0.0,0.0,0.437464,4.29073,0.913675,0.262071,6.63931,0.0,0.0,0.0,0.0,0.0,0.0,0.0,0.0,0.0,0.0,0.0,0.0,0.0,0.0,0.0,0.0,0.0,0.0
Tamil Nadu,Karur,10,0.139939,0.0,1.98365,0.140159,0.445935,0.0,0.0,0.0,5.31584,27.557,25.4891,5.3514,3.95225,0.0,0.0,0.0,0.0,0.0,0.0,0.0,0.0,0.0,0.0,0.0,0.0,0.0,0.0,0.0,0.0,0.0,0.0
Tamil Nadu,Krishnagiri,10,7.56384,4.44464,0.0,0.0,0.0,2.91634,1.28386,9.35751,2.88329,20.3156,9.76223,19.2622,9.20972,0.0,0.0,0.0,0.0,0.0,0.0,0.0,0.0,0.0,0.0,0.0,0.0,0.0,0.0,0.0,0.0,0.0,0.0
Tamil Nadu,Madurai,10,0.0,0.0,2.14127,0.19212,0.618226,0.0,0.0437974,1.28221,18.3398,32.6073,10.1603,2.24493,10.5387,0.0,0.0,0.0,0.0,0.0,0.0,0.0,0.0,0.0,0.0,0.0,0.0,0.0,0.0,0.0,0.0,0.0,0.0
Tamil Nadu,Nagapattinam,10,0.00296474,0.0,0.0,0.0,0.178548,7.95904,0.0,0.233499,4.9911,9.46901,0.253701,3.92146,9.52941,0.0,0.0,0.0,0.0,0.0,0.0,0.0,0.0,0.0,0.0,0.0,0.0,0.0,0.0,0.0,0.0,0.0,0.0
Tamil Nadu,Namakkal,10,0.218811,3.7476,1.28206,0.00390881,2.23614,1.60749,3.30382,1.12989,4.32415,49.0971,28.267,5.03303,2.51246,0.0,0.0,0.0,0.0,0.0,0.0,0.0,0.0,0.0,0.0,0.0,0.0,0.0,0.0,0.0,0.0,0.0,0.0
Tamil Nadu,Nilgiris,10,0.291889,1.35085,10.4064,0.0460409,4.71428,1.69522,0.438582,0.0,0.157213,26.41,9.80019,3.31095,2.4369,0.0,0.0,0.0,0.0,0.0,0.0,0.0,0.0,0.0,0.0,0.0,0.0,0.0,0.0,0.0,0.0,0.0,0.0
Tamil Nadu,Perambalur,10,0.240782,0.0,0.152756,0.0,0.0123047,0.0328125,0.0,0.0,20.4578,9.11995,14.9049,1.17472,0.152756,0.0,0.0,0.0,0.0,0.0,0.0,0.0,0.0,0.0,0.0,0.0,0.0,0.0,0.0,0.0,0.0,0.0,0.0
Tamil Nadu,Pudukkottai,10,0.0149988,0.0,0.379957,0.0,0.974808,1.07709,0.00416661,4.77301,4.03159,18.2187,3.00259,1.26371,13.1983,0.0,0.0,0.0,0.0,0.0,0.0,0.0,0.0,0.0,0.0,0.0,0.0,0.0,0.0,0.0,0.0,0.0,0.0
Tamil Nadu,Ramanathapuram,10,0.0,0.0,6.86371,0.0,0.0,0.0,3.02e-05,1.11146,25.2942,1.47565,4.84753,0.918179,1.50466,0.0,0.0,0.0,0.0,0.0,0.0,0.0,0.0,0.0,0.0,0.0,0.0,0.0,0.0,0.0,0.0,0.0,0.0
Tamil Nadu,Ranippettai,10,4.08822,2.33493,0.0,0.0,0.0,21.4325,13.9972,1.93126,22.3143,36.3551,2.88063,1.1955,0.34046,0.0,0.0,0.0,0.0,0.0,0.0,0.0,0.0,0.0,0.0,0.0,0.0,0.0,0.0,0.0,0.0,0.0,0.0
Tamil Nadu,Salem,10,1.57386,2.51815,0.285171,0.0,3.50081,11.933,1.34588,0.746421,6.62756,23.7239,13.0134,9.9803,3.49082,0.0,0.0,0.0,0.0,0.0,0.0,0.0,0.0,0.0,0.0,0.0,0.0,0.0,0.0,0.0,0.0,0.0,0.0
Tamil Nadu,Sivaganga,10,0.0,0.0,9.41556,0.0,0.239397,0.0,0.29612,2.33708,18.1873,19.9522,1.80113,4.82131,3.21042,0.0,0.0,0.0,0.0,0.0,0.0,0.0,0.0,0.0,0.0,0.0,0.0,0.0,0.0,0.0,0.0,0.0,0.0
Tamil Nadu,Teni,10,0.97142,0.0,0.617688,0.588129,0.10774,0.0681699,0.0,0.0,4.88262,11.4827,7.46633,6.30393,29.3812,0.0,0.0,0.0,0.0,0.0,0.0,0.0,0.0,0.0,0.0,0.0,0.0,0.0,0.0,0.0,0.0,0.0,0.0
Tamil Nadu,Tenkasi,10,0.0382495,0.0,2.49049,0.0258169,2.05678,0.503758,0.0,0.0,4.73713,0.849732,2.93895,0.548925,17.3758,0.0,0.0,0.0,0.0,0.0,0.0,0.0,0.0,0.0,0.0,0.0,0.0,0.0,0.0,0.0,0.0,0.0,0.0
Tamil Nadu,Thanjavur,10,0.0,0.0,0.106585,0.0,1.16809,2.11438,0.0,1.70965,4.25074,19.8566,2.79584,3.75159,1.85106,0.0,0.0,0.0,0.0,0.0,0.0,0.0,0.0,0.0,0.0,0.0,0.0,0.0,0.0,0.0,0.0,0.0,0.0
Tamil Nadu,Thiruvarur,10,0.0,0.0,0.0,0.0,1.53598,4.8612,0.0,0.322382,2.57013,29.0159,0.649594,1.63834,2.75339,0.0,0.0,0.0,0.0,0.0,0.0,0.0,0.0,0.0,0.0,0.0,0.0,0.0,0.0,0.0,0.0,0.0,0.0
Tamil Nadu,Tiruchirapalli,10,0.0666583,0.00324004,0.228736,0.333919,0.56605,0.739645,0.0136639,0.0835629,17.1367,12.8151,14.687,1.39343,5.72047,0.0,0.0,0.0,0.0,0.0,0.0,0.0,0.0,0.0,0.0,0.0,0.0,0.0,0.0,0.0,0.0,0.0,0.0
Tamil Nadu,Tirunelveli,10,0.000143016,0.0025745,0.359785,0.0387217,0.024629,0.0649026,0.0,0.239873,0.0640675,2.71845,7.68551,0.117703,16.2338,0.0,0.0,0.0,0.0,0.0,0.0,0.0,0.0,0.0,0.0,0.0,0.0,0.0,0.0,0.0,0.0,0.0,0.0
Tamil Nadu,Tiruppattur,10,1.32779,0.122623,0.0,0.0,0.0,1.33363,1.44338,23.956,3.02824,19.9857,9.31564,5.69894,0.0118437,0.0,0.0,0.0,0.0,0.0,0.0,0.0,0.0,0.0,0.0,0.0,0.0,0.0,0.0,0.0,0.0,0.0,0.0
Tamil Nadu,Tiruppur,10,0.0445105,0.00899183,5.90061,1.02293,1.08931,0.321653,0.11919,0.0,0.0291583,30.773,17.1156,9.17282,3.76464,0.0,0.0,0.0,0.0,0.0,0.0,0.0,0.0,0.0,0.0,0.0,0.0,0.0,0.0,0.0,0.0,0.0,0.0
Tamil Nadu,Tiruvallur,10,3.97399,0.0204713,0.0,0.0,0.0,10.7507,22.6646,2.57286,19.9035,26.7618,1.45206,2.43589,2.12422,0.0,0.0,0.0,0.0,0.0,0.0,0.0,0.0,0.0,0.0,0.0,0.0,0.0,0.0,0.0,0.0,0.0,0.0
Tamil Nadu,Tiruvannamalai,10,1.64139,1.82429,0.0,0.0,0.0,19.0247,9.88041,4.26188,6.27978,23.0876,3.87232,3.30755,0.132226,0.0,0.0,0.0,0.0,0.0,0.0,0.0,0.0,0.0,0.0,0.0,0.0,0.0,0.0,0.0,0.0,0.0,0.0
Tamil Nadu,Tuticorin,10,0.0,0.0,0.737205,0.536722,1.18755,0.0255628,0.0,0.0512304,5.49723,1.40507,3.42103,0.350324,7.98853,0.0,0.0,0.0,0.0,0.0,0.0,0.0,0.0,0.0,0.0,0.0,0.0,0.0,0.0,0.0,0.0,0.0,0.0
Tamil Nadu,Vellore,10,1.64939,0.413963,0.0,0.0,0.0,20.0205,2.22516,0.200451,11.2693,31.4619,0.931793,10.4593,0.365937,0.0,0.0,0.0,0.0,0.0,0.0,0.0,0.0,0.0,0.0,0.0,0.0,0.0,0.0,0.0,0.0,0.0,0.0
Tamil Nadu,Villupuram,10,2.01891,1.49904,0.0,0.0,0.0167244,16.3909,19.2518,5.15841,2.7508,12.3722,6.31766,1.97097,0.355739,0.0,0.0,0.0,0.0,0.0,0.0,0.0,0.0,0.0,0.0,0.0,0.0,0.0,0.0,0.0,0.0,0.0,0.0
Tamil Nadu,Virudhunagar,10,0.0,0.0,2.21719,0.0,0.125495,0.0587214,0.0,0.0784872,15.3671,6.08316,2.04137,0.639191,12.9443,0.0,0.0,0.0,0.0,0.0,0.0,0.0,0.0,0.0,0.0,0.0,0.0,0.0,0.0,0.0,0.0,0.0,0.0
Tamil Nadu,Ariyalur,11,0.603594,6.16485,15.0348,4.17963,3.19871,6.8364,8.75829,0.483703,8.79476,3.01552,14.5667,11.7966,0.730882,0.0,0.0,0.0,0.0,0.0,0.0,0.0,0.0,0.0,0.0,0.0,0.0,0.0,0.0,0.0,0.0,0.0,0.0
Tamil Nadu,Chengalpattu,11,4.45748,35.0355,27.764,7.28281,8.10337,0.77456,0.874763,2.82393,2.61367,1.2731,12.885,18.8437,56.4831,0.0,0.0,0.0,0.0,0.0,0.0,0.0,0.0,0.0,0.0,0.0,0.0,0.0,0.0,0.0,0.0,0.0,0.0
Tamil Nadu,Chennai,11,26.6163,33.8931,0.456494,8.32417,2.66216,0.608658,0.0852026,0.0,0.626659,2.00646,15.7663,10.0443,15.3756,0.0,0.0,0.0,0.0,0.0,0.0,0.0,0.0,0.0,0.0,0.0,0.0,0.0,0.0,0.0,0.0,0.0,0.0
Tamil Nadu,Coimbatore,11,0.391553,4.12999,15.7452,14.9021,8.81626,2.6354,5.18029,0.00168677,3.52573,0.00599074,2.35521,12.7112,27.534,0.0,0.0,0.0,0.0,0.0,0.0,0.0,0.0,0.0,0.0,0.0,0.0,0.0,0.0,0.0,0.0,0.0,0.0
Tamil Nadu,Cuddalore,11,9.83383,8.80173,60.0242,13.5268,8.99919,17.8701,5.53937,4.20968,5.52426,0.0828972,36.62,12.5533,15.411,0.0,0.0,0.0,0.0,0.0,0.0,0.0,0.0,0.0,0.0,0.0,0.0,0.0,0.0,0.0,0.0,0.0,0.0
Tamil Nadu,Dharmapuri,11,0.692961,8.59888,8.66712,1.29792,1.16744,2.89233,0.434029,0.0770032,0.0794884,0.00205245,6.69507,9.87502,14.5499,0.0,0.0,0.0,0.0,0.0,0.0,0.0,0.0,0.0,0.0,0.0,0.0,0.0,0.0,0.0,0.0,0.0,0.0
Tamil Nadu,Dindigul,11,0.393406,1.83704,17.7778,10.2035,15.267,3.04996,16.9278,0.774944,6.6974,0.598153,2.83413,8.94811,18.771,0.0,0.0,0.0,0.0,0.0,0.0,0.0,0.0,0.0,0.0,0.0,0.0,0.0,0.0,0.0,0.0,0.0,0.0
Tamil Nadu,Erode,11,0.456462,1.15948,5.48361,1.94869,6.78975,0.154902,3.62111,1.89568e-05,0.187793,0.282713,3.15089,12.8945,14.8995,0.0,0.0,0.0,0.0,0.0,0.0,0.0,0.0,0.0,0.0,0.0,0.0,0.0,0.0,0.0,0.0,0.0,0.0
Tamil Nadu,Kallakurichi,11,0.671499,20.3151,11.4665,8.97022,7.5139,0.505306,0.948847,2.9386,0.49235,0.0589738,18.4874,12.9965,10.0852,0.0,0.0,0.0,0.0,0.0,0.0,0.0,0.0,0.0,0.0,0.0,0.0,0.0,0.0,0.0,0.0,0.0,0.0
Tamil Nadu,Kanchipuram,11,3.90329,52.4397,22.6701,17.3267,6.00161,19.991,0.267888,0.744861,2.7395,0.878414,30.517,29.2526,54.7561,0.0,0.0,0.0,0.0,0.0,0.0,0.0,0.0,0.0,0.0,0.0,0.0,0.0,0.0,0.0,0.0,0.0,0.0
Tamil Nadu,Kanniyakumari,11,23.327,6.29058,23.0567,12.239,19.0817,17.4917,14.4504,10.9317,7.22969,1.67628,1.76154,3.01438,0.424981,0.0,0.0,0.0,0.0,0.0,0.0,0.0,0.0,0.0,0.0,0.0,0.0,0.0,0.0,0.0,0.0,0.0,0.0
Tamil Nadu,Karur,11,0.106653,1.85843,10.912,6.71255,7.21378,1.37267,7.72001,0.179321,1.54421,1.14193,2.38288,9.57271,9.32732,0.0,0.0,0.0,0.0,0.0,0.0,0.0,0.0,0.0,0.0,0.0,0.0,0.0,0.0,0.0,0.0,0.0,0.0
Tamil Nadu,Krishnagiri,11,0.561231,12.0255,7.81765,4.94796,2.07682,1.19081,0.34256,0.00106937,0.00132703,1.707e-06,1.58916,8.59282,43.0691,0.0,0.0,0.0,0.0,0.0,0.0,0.0,0.0,0.0,0.0,0.0,0.0,0.0,0.0,0.0,0.0,0.0,0.0
Tamil Nadu,Madurai,11,0.121341,7.17112,28.0093,19.1333,11.6554,2.4794,11.2873,0.292835,4.98319,0.131966,1.17677,5.57034,11.8729,0.0,0.0,0.0,0.0,0.0,0.0,0.0,0.0,0.0,0.0,0.0,0.0,0.0,0.0,0.0,0.0,0.0,0.0
Tamil Nadu,Nagapattinam,11,30.2046,8.52548,67.28,23.5248,21.6411,10.4864,15.0921,2.96776,23.9859,0.653445,43.8703,7.25087,4.40046,0.0,0.0,0.0,0.0,0.0,0.0,0.0,0.0,0.0,0.0,0.0,0.0,0.0,0.0,0.0,0.0,0.0,0.0
Tamil Nadu,Namakkal,11,0.036367,7.60044,12.2685,4.3207,2.95698,0.228003,1.13436,0.378895,0.712015,0.107169,5.19329,9.47545,8.84892,0.0,0.0,0.0,0.0,0.0,0.0,0.0,0.0,0.0,0.0,0.0,0.0,0.0,0.0,0.0,0.0,0.0,0.0
Tamil Nadu,Perambalur,11,0.186281,4.80431,1.92484,1.19467,3.02394,0.553655,4.53023,0.581834,6.46334,3.24076,15.2472,13.6532,4.35991,0.0,0.0,0.0,0.0,0.0,0.0,0.0,0.0,0.0,0.0,0.0,0.0,0.0,0.0,0.0,0.0,0.0,0.0
Tamil Nadu,Pudukkottai,11,1.09776,1.46289,3.82923,2.31442,2.28967,0.0655625,8.70206,1.81098,4.07729,0.618376,7.16856,7.65,2.01374,0.0,0.0,0.0,0.0,0.0,0.0,0.0,0.0,0.0,0.0,0.0,0.0,0.0,0.0,0.0,0.0,0.0,0.0
Tamil Nadu,Ramanathapuram,11,1.0134,8.43011,27.2813,0.676315,11.8442,8.75301,4.43642,0.659762,0.651938,0.410039,1.42951,3.01221,3.05646,0.0,0.0,0.0,0.0,0.0,0.0,0.0,0.0,0.0,0.0,0.0,0.0,0.0,0.0,0.0,0.0,0.0,0.0
Tamil Nadu,Ranipet,11,6.46318,38.3937,10.6737,20.7025,4.99309,1.52308,0.00170575,0.0246864,0.113033,0.00286557,15.4804,22.5712,32.1895,0.0,0.0,0.0,0.0,0.0,0.0,0.0,0.0,0.0,0.0,0.0,0.0,0.0,0.0,0.0,0.0,0.0,0.0
Tamil Nadu,Salem,11,0.234199,6.74612,6.89962,3.13121,4.08284,0.131516,0.697219,0.34537,0.73127,0.0537732,6.76644,11.0477,8.09447,0.0,0.0,0.0,0.0,0.0,0.0,0.0,0.0,0.0,0.0,0.0,0.0,0.0,0.0,0.0,0.0,0.0,0.0
Tamil Nadu,Sivaganga,11,0.79207,0.181903,39.6215,3.45834,4.1342,0.624032,16.837,2.51476,3.30359,1.17038,4.78223,4.86232,1.76702,0.0,0.0,0.0,0.0,0.0,0.0,0.0,0.0,0.0,0.0,0.0,0.0,0.0,0.0,0.0,0.0,0.0,0.0
Tamil Nadu,Tenkasi,11,6.00681,27.1707,5.04933,16.5557,35.9861,7.74552,5.45336,8.06356,6.73645,1.64319,0.356117,9.60976,17.1167,0.0,0.0,0.0,0.0,0.0,0.0,0.0,0.0,0.0,0.0,0.0,0.0,0.0,0.0,0.0,0.0,0.0,0.0
Tamil Nadu,Thanjavur,11,2.32088,1.43403,45.5144,7.96201,4.67909,2.66342,13.8981,1.20678,12.2713,0.577024,11.916,8.21547,0.769165,0.0,0.0,0.0,0.0,0.0,0.0,0.0,0.0,0.0,0.0,0.0,0.0,0.0,0.0,0.0,0.0,0.0,0.0
Tamil Nadu,The Nilgiris,11,0.597008,0.342442,14.0516,4.86654,8.77338,0.274411,3.12146,2.7572e-06,0.199643,0.000294627,1.3003,11.1344,18.9235,0.0,0.0,0.0,0.0,0.0,0.0,0.0,0.0,0.0,0.0,0.0,0.0,0.0,0.0,0.0,0.0,0.0,0.0
Tamil Nadu,Theni,11,2.43314,7.08245,17.3593,12.2198,10.4165,2.6343,5.40569,0.0691727,2.64142,0.69918,0.937777,8.14625,28.2173,0.0,0.0,0.0,0.0,0.0,0.0,0.0,0.0,0.0,0.0,0.0,0.0,0.0,0.0,0.0,0.0,0.0,0.0
Tamil Nadu,Thiruvallur,11,39.8819,67.1256,4.55665,18.2215,2.39329,1.53841,0.148151,0.157151,1.15449,1.91424,32.92,32.3988,37.7985,0.0,0.0,0.0,0.0,0.0,0.0,0.0,0.0,0.0,0.0,0.0,0.0,0.0,0.0,0.0,0.0,0.0,0.0
Tamil Nadu,Thiruvarur,11,16.3876,3.75157,24.969,19.9266,18.3235,3.00525,19.8297,2.29868,27.113,0.399613,23.7046,6.92039,0.378234,0.0,0.0,0.0,0.0,0.0,0.0,0.0,0.0,0.0,0.0,0.0,0.0,0.0,0.0,0.0,0.0,0.0,0.0
Tamil Nadu,Tiruchirappalli,11,0.413042,2.1344,9.00601,7.45255,3.66986,0.870517,5.94627,1.67435,2.45347,0.937548,4.87745,11.171,2.7067,0.0,0.0,0.0,0.0,0.0,0.0,0.0,0.0,0.0,0.0,0.0,0.0,0.0,0.0,0.0,0.0,0.0,0.0
Tamil Nadu,Tirunelveli,11,3.22042,15.4852,9.03947,25.7014,19.3372,3.8341,8.37059,5.22729,12.3239,7.18143,0.937249,6.86792,10.1586,0.0,0.0,0.0,0.0,0.0,0.0,0.0,0.0,0.0,0.0,0.0,0.0,0.0,0.0,0.0,0.0,0.0,0.0
Tamil Nadu,Tirupathur,11,0.0123738,9.20124,7.6189,1.30605,4.15619,2.41978,0.0347472,0.00681836,0.00668354,0.00329091,4.04225,9.29496,57.534,0.0,0.0,0.0,0.0,0.0,0.0,0.0,0.0,0.0,0.0,0.0,0.0,0.0,0.0,0.0,0.0,0.0,0.0
Tamil Nadu,Tiruppur,11,0.173803,2.09431,5.57843,1.88761,11.3091,1.25038,4.90113,0.000152205,1.84935,0.864305,2.63543,11.6318,30.5103,0.0,0.0,0.0,0.0,0.0,0.0,0.0,0.0,0.0,0.0,0.0,0.0,0.0,0.0,0.0,0.0,0.0,0.0
Tamil Nadu,Tiruvannamalai,11,2.90316,30.4097,13.9917,5.03769,3.85269,6.31548,0.0613207,0.507141,1.05927,0.0349541,16.8855,16.7723,43.5985,0.0,0.0,0.0,0.0,0.0,0.0,0.0,0.0,0.0,0.0,0.0,0.0,0.0,0.0,0.0,0.0,0.0,0.0
Tamil Nadu,Tuticorin,11,0.19059,28.959,5.58984,25.6403,4.06419,4.54251,5.92966,0.397848,3.0658,0.462495,0.267003,6.19467,9.4992,0.0,0.0,0.0,0.0,0.0,0.0,0.0,0.0,0.0,0.0,0.0,0.0,0.0,0.0,0.0,0.0,0.0,0.0
Tamil Nadu,Vellore,11,2.39061,17.2793,6.90063,4.54321,1.64635,4.80991,1.79359e-05,0.0,0.000221259,0.148736,7.56313,13.9194,24.1995,0.0,0.0,0.0,0.0,0.0,0.0,0.0,0.0,0.0,0.0,0.0,0.0,0.0,0.0,0.0,0.0,0.0,0.0
Tamil Nadu,Villupuram,11,1.26141,22.9588,28.0184,12.3134,1.38468,11.6055,0.569912,0.483946,0.252831,2.05628,20.2954,16.6616,53.24,0.0,0.0,0.0,0.0,0.0,0.0,0.0,0.0,0.0,0.0,0.0,0.0,0.0,0.0,0.0,0.0,0.0,0.0
Tamil Nadu,Virudhunagar,11,0.208464,28.0993,21.7161,19.3899,16.0424,5.82556,14.345,0.464645,6.92708,0.615822,0.252703,6.28299,6.44147,0.0,0.0,0.0,0.0,0.0,0.0,0.0,0.0,0.0,0.0,0.0,0.0,0.0,0.0,0.0,0.0,0.0,0.0
Tamil Nadu,Ariyalur,12,0.800626,1.0535,4.37781,6.10103,45.2231,1.53542,0.00410924,0.00278527,11.1462,0.627034,2.38507,13.0216,4.02396,19.0018,4.44651,0.0,0.0,0.000421731,0.0,0.778979,0.000286263,0.000937418,0.000171228,0.0,0.00301589,12.0829,9.24992,23.8177,0.0,0.0,0.0
Tamil Nadu,Chengalpattu,12,2.81217,0.0541764,0.00840513,1.22503,0.996579,0.0106794,0.0428829,0.211219,5.14403,60.3384,1.41332,9.18903,34.8966,0.210019,0.0,0.0,0.000203221,0.0,0.0,0.00268751,0.0,0.0315913,0.0,0.0,2.53244,4.25749,1.37994,0.13671,0.0,0.0,0.0
Tamil Nadu,Chennai,12,1.63421,0.610338,0.0,0.480734,0.00552017,0.000480015,0.0288009,0.33337,10.1019,27.6368,1.78733,3.08193,7.48943,0.067922,0.0,0.0,0.0,0.0,0.0,0.0,0.0,0.0,0.0,0.0,1.93062,1.09035,1.36852,0.0,0.0,0.0,0.0
Tamil Nadu,Coimbatore,12,0.0433906,0.170616,0.546398,1.24115,10.8406,0.072589,0.0160032,0.0148774,7.79505,9.27247,7.17986,10.5118,1.83159,28.927,0.731969,0.0,0.0,0.0,0.0,0.0276765,0.0,0.0,0.00622924,0.00128209,0.0,7.86843,2.85965,1.31199,0.0,0.0,0.0
Tamil Nadu,Cuddalore,12,2.87436,1.53547,1.6318,13.7755,27.4473,0.0418728,0.0147803,0.0464322,39.785,14.6967,1.81586,21.9112,24.3455,13.7884,0.000148449,0.0,0.0,0.000266411,7.4515e-06,0.00724076,0.000177608,0.0156612,0.000997476,0.0,2.31318,5.96834,3.95493,1.60037,0.0,0.0,0.0
Tamil Nadu,Dharmapuri,12,0.000191834,0.16283,2.19983e-05,0.943063,1.16336,0.3253,0.51619,0.111648,7.89522,10.4786,5.62742,16.2668,19.3436,2.42771,0.408275,0.0,0.0,0.0,0.0,0.0,0.0,0.0,0.0,0.0,0.000152689,10.2902,2.01485,3.76858,0.0,0.0,0.0
Tamil Nadu,Dindigul,12,0.587964,1.41896,0.0375872,3.26823,16.55,0.0115526,0.219568,0.18357,9.75731,10.5352,0.19579,1.77863,12.7246,18.6863,1.88158,0.0,0.0,0.0,0.0,0.0156326,0.0,0.000111858,0.0,0.0,0.0,15.9404,4.83826,4.16165,0.0,0.0,0.0
Tamil Nadu,Erode,12,0.0178158,0.0824642,0.260237,0.439093,8.38776,0.0438353,0.000574979,0.000385979,7.03503,7.31003,3.84081,8.93411,4.48512,4.33233,0.407397,0.0,0.0,0.0,0.0,0.0,0.0,0.0,0.0,0.0,0.0,6.16353,3.78957,0.845545,0.0,0.0,0.0
Tamil Nadu,Kallakurichi,12,0.00371932,2.01522,0.715084,1.34143,13.898,0.673334,0.308208,0.0367693,12.2608,12.3664,0.373167,7.95962,13.5395,23.6209,0.00618108,0.0,0.0,0.0,0.0,0.000423146,0.0,0.0,0.0,0.0,1.266e-07,7.99272,0.992662,0.573782,0.0,0.0,0.0
Tamil Nadu,Kanchipuram,12,7.52105,2.1994,3.42269e-05,1.45794,0.0634548,0.00850614,0.0131468,0.0781203,5.99366,146.526,8.72111,41.0202,64.5578,0.0452026,0.0,0.0,0.0100862,0.000279746,0.0,0.0,0.0,0.00164158,0.0,0.0,8.02172,15.7483,1.12376,0.0997761,0.0,0.0,0.0
Tamil Nadu,Kanniyakumari,12,0.00127591,0.342734,12.3228,2.98332,24.9245,1.75102,1.595e-07,0.00428276,0.00171591,0.0822697,12.3678,1.44028,0.366762,0.0,11.517,0.0,0.0,0.000372516,0.000516847,0.476103,0.379046,0.000822932,0.00494849,0.000431975,0.0,3.59352,1.80544,1.40653,0.0,0.0,0.0
Tamil Nadu,Karur,12,0.00713377,3.38626,0.0233472,1.39732,8.78446,0.00607182,0.0188087,0.0484904,3.37037,2.41853,0.18359,1.41977,15.126,3.4264,0.277171,0.0,0.0,0.0,0.0,0.000675504,0.0,0.0,0.0,0.0,0.0,6.69763,2.48381,1.08179,0.0,0.0,0.0
Tamil Nadu,Krishnagiri,12,0.0,0.0384661,0.0,0.27565,0.0353682,0.0234891,0.787295,0.0,1.87928,7.66612,18.3857,14.2502,24.8258,6.72001,1.01593,0.0,0.0,0.0,0.0,0.0,0.0,0.0,0.0,0.0,0.0,12.5542,1.33944,3.66423,0.0,0.0,0.0
Tamil Nadu,Madurai,12,0.822722,2.19674,1.18153,5.33074,7.12647,0.0044596,0.192166,0.12095,5.18104,1.70887,0.0138748,0.000748132,2.7034,5.62802,1.40006,0.0,0.0,0.0,0.000206281,0.0181767,0.0112834,0.0115862,0.0,0.0,0.0,12.7482,9.0646,5.23791,0.0,0.0,0.0
Tamil Nadu,Nagapattinam,12,7.46437,0.726086,1.30854,13.6773,49.0287,0.0305987,0.219088,0.910848,18.5309,4.30295,0.309842,7.14437,12.9054,2.98892,0.0,0.0,0.0,0.00868275,0.0,0.597669,0.11747,3.74026,0.0371024,0.0,5.48143,9.48418,0.959585,0.276933,0.0,0.0,0.0
Tamil Nadu,Namakkal,12,0.00520945,0.553026,0.053996,0.724642,10.0932,0.0862016,0.000167661,0.000393575,1.8602,3.40523,2.48399,5.52891,6.9429,5.0816,0.215209,0.0,0.0,0.0,0.0,0.0,0.0,0.0,0.0,0.0,0.0,6.7104,2.59241,1.22542,0.0,0.0,0.0
Tamil Nadu,Perambalur,12,1.66759,0.00413728,1.88994,3.54258,33.8454,0.302384,0.000146303,0.0273928,6.22369,1.25353,2.72184,2.30607,20.1127,38.4332,0.0150939,0.0,0.0,0.0,0.0,0.00127421,0.0,0.0,0.0,0.0,0.000386803,4.81076,3.64512,9.08777,0.0,0.0,0.0
Tamil Nadu,Pudukkottai,12,1.82328,3.5707,1.07927,2.64631,29.1881,0.0490971,0.189967,0.943606,18.3573,0.123836,0.120849,2.39711,4.10147,19.2458,0.00680072,0.0,0.0,0.0,0.0,0.290258,0.00121362,0.827785,0.0,0.0,0.00351251,6.35699,1.88989,0.887772,0.0,0.0,0.0
Tamil Nadu,Ramanathapuram,12,0.278307,0.831979,0.730486,10.8955,5.12133,4.06463,0.465637,0.981147,20.0868,0.259665,0.23371,0.000157978,4.10069,1.31015,1.81935,0.0,0.0,0.0,0.0111716,0.810397,0.716811,1.39868,0.0,0.0,0.0,0.955785,0.553788,0.729586,0.0,0.0,0.0
Tamil Nadu,Ranipet,12,0.925327,1.60498,0.0281577,0.163497,0.282533,0.0143296,0.00911372,0.084885,2.93928,94.3144,20.5118,13.3186,24.2445,0.196839,0.141557,0.0,0.0123534,0.00054585,0.0,0.0,0.0,0.0232419,0.0,0.0,3.68865,9.12519,2.21925,0.00138734,0.0,0.0,0.0
Tamil Nadu,Salem,12,0.0155081,0.268384,0.190449,4.67938,4.95028,0.155386,0.0,0.04367,6.81401,6.2923,16.661,11.3599,3.39559,7.48879,0.0945199,0.0,0.0,0.0,0.0,2.12436e-05,0.0,0.0,0.0,0.0,0.000367774,7.47572,3.1378,3.81675,0.0,0.0,0.0
Tamil Nadu,Sivaganga,12,0.693341,3.29384,2.12214,10.8318,8.92102,0.396587,0.287273,0.737944,18.1651,0.63455,0.0489733,0.0235623,3.24194,6.86742,0.24969,0.0,0.0,0.0,0.0526613,0.141461,0.113113,2.71825,0.0,0.0,5.04139e-05,6.20258,6.14562,0.620952,0.0,0.0,0.0
Tamil Nadu,Tenkasi,12,0.0385451,0.0,7.87152,2.90433,11.2872,0.482986,0.0393967,1.36528,8.65745,2.63264,0.712284,0.561703,0.00559297,0.746828,4.44703,0.0,0.0,0.00105109,0.0,0.691139,0.00119697,0.0,0.000656931,0.0,0.000713239,2.91341,12.273,10.9597,0.0,0.0,0.0
Tamil Nadu,Thanjavur,12,2.62112,3.19553,2.50731,5.1857,65.4943,0.814479,0.0183667,0.191351,9.14533,0.294266,0.536016,9.2612,25.9356,18.2317,2.26529,0.0,0.0,0.00207932,0.0,0.86379,0.00519955,1.88264,0.0016916,0.0,0.117651,19.2679,6.77243,12.0516,0.0,0.0,0.0
Tamil Nadu,The Nilgiris,12,0.050048,0.1331,1.38778,1.5195,6.68584,0.139442,0.0159744,0.0,6.20389,16.2794,18.0171,7.18042,1.62077,53.6974,2.3116,0.0,0.0,0.0,0.0,0.0,0.0,0.0,0.0,0.0,0.0,13.1303,2.65765,1.95389,0.0,0.0,0.0
Tamil Nadu,Theni,12,0.00859211,0.445591,6.16641,2.99247,11.9811,0.0143286,0.743961,0.100754,13.574,8.56096,4.96484,1.19949,1.99863,9.85062,3.02833,0.0,0.0,0.0,0.0,0.12119,0.0,0.0,0.0,0.0,0.0,8.91646,4.27721,3.29934,0.0,0.0,0.0
Tamil Nadu,Thiruvallur,12,2.89845,1.0495,0.0015952,0.742046,0.0155299,0.00572091,0.0231947,0.850401,15.2612,104.217,9.18244,13.645,29.1057,0.596742,0.0183343,0.0,0.00440008,0.177619,0.0,0.0,0.0,0.00399795,0.0,0.0,5.74449,10.3146,3.39883,0.00511007,0.0,0.0,0.0
Tamil Nadu,Thiruvarur,12,4.66219,0.927712,1.26561,6.65101,67.768,0.192601,0.081488,0.408748,11.3825,1.523,0.088635,15.2721,9.22524,26.0703,0.473889,0.0,0.0,0.00487292,0.0,0.804285,0.065083,2.50188,0.0174402,0.0,2.49644,17.2897,1.74671,3.03486,0.0,0.0,0.0
Tamil Nadu,Tiruchirappalli,12,1.30015,0.960975,0.238635,2.06782,20.8582,0.0476827,0.0734826,0.0608683,3.57749,0.427625,0.637141,3.67225,10.4002,16.885,0.00560239,0.0,0.0,0.0,0.0,0.00579613,0.0,8.65701e-05,0.0,0.0,0.0,9.38043,1.39695,3.66844,0.0,0.0,0.0
Tamil Nadu,Tirunelveli,12,0.0349581,0.727487,19.8398,8.66397,31.4432,2.62694,0.00106506,0.44853,5.12848,1.91289,2.64406,0.440618,0.0723676,1.1891,4.96903,0.0,0.0,0.00856717,0.00392659,1.11468,0.306779,0.000140633,0.0316235,0.00811283,0.005784,4.86994,7.6009,8.44139,0.0,0.0,0.0
Tamil Nadu,Tirupathur,12,1.77602e-05,1.26191,1.6146e-06,0.847225,0.0864137,0.051418,0.0493889,9.3305e-06,1.10167,14.3339,51.4254,5.21157,12.9969,19.2521,0.164753,0.0,0.0,0.0,0.0,0.0,0.0,2.50258e-05,0.0,0.0,8.27263e-05,18.0209,1.09867,5.01369,0.0,0.0,0.0
Tamil Nadu,Tiruppur,12,0.0380187,0.160702,0.0324955,1.07688,15.8994,0.0567501,0.0394556,0.0525866,7.18542,9.63162,3.75976,7.25477,2.37861,5.98114,0.774325,0.0,0.0,0.0,0.0,0.0534017,0.0,0.0,0.0,2.77853e-05,0.0,7.17224,5.67097,1.77662,0.0,0.0,0.0
Tamil Nadu,Tiruvannamalai,12,0.563856,1.55307,0.000778338,5.08981,2.51278,0.242405,0.237902,0.249456,10.3042,50.4003,7.84986,8.16413,19.2499,9.35697,0.235356,0.0,7.57096e-05,0.0,0.0,8.24946e-05,0.0,0.00503304,0.0,0.0,2.03245,15.13,2.00889,3.75734,0.0,0.0,0.0
Tamil Nadu,Tuticorin,12,0.0804578,0.141369,4.92551,4.19684,13.2009,0.493999,0.156441,0.774332,7.46541,1.04787,0.230795,0.00656897,0.102256,2.34999,2.12538,0.0,0.0,0.0,0.00108453,0.742614,0.0745763,0.020483,0.000192386,0.0496385,0.0,3.27489,5.94631,4.9837,0.0,0.0,0.0
Tamil Nadu,Vellore,12,0.258252,1.10872,0.0240098,0.631737,0.353465,0.192183,1.39364,0.0211501,8.85779,31.3789,31.1056,3.47133,16.1107,4.46621,0.273452,0.0,0.0,0.0,0.0,0.0,0.0,0.0231841,0.0,0.0,0.842501,12.8531,0.883482,0.0383648,0.0,0.0,0.0
Tamil Nadu,Villupuram,12,1.64493,3.4214,0.167022,6.86905,6.42043,0.215683,0.0308853,0.482121,9.72011,24.1446,0.409229,9.592,23.1132,13.2655,0.0100591,0.0,0.0,0.0,0.00637095,0.0013099,0.0,0.0127339,0.0,0.0,0.667735,6.11886,7.05559,2.21694,0.0,0.0,0.0
Tamil Nadu,Virudhunagar,12,0.00635986,1.50309,1.6463,6.10742,5.9977,0.0167106,0.228358,0.751654,8.52604,3.22274,0.0195522,0.026074,5.22128,2.73652,8.91209,0.0,0.0,0.0,1.61571e-05,0.427201,0.186967,0.00755994,0.0,0.0,0.0,4.42858,7.93918,2.34767,0.0,0.0,0.0
